ImageID,ReviewStatus
0fb7f1a6866f3e83,accepted_negative
71c3eb3687efa946,accepted_negative
beaf5b37960ef765,reject_plate_visible
05d4a1a8d2d10d3d,accepted_negative
788841be9ea0933b,accepted_negative
7607c938b6d5f873,accepted_negative
af017d63cee2db7d,reject_plate_visible
2ec8092ecbdd5e5e,reject_other
019e5df10a052b49,reject_other
8bf07f53c0d58f99,reject_plate_visible
4f733c0b8006c6cc,accepted_negative
ce8836de53d6b11e,accepted_negative
1e853a0cd9b4f321,reject_other
9a54fedf74dbf0d0,accepted_negative
37be73f83c029f49,accepted_negative
8c430d2eb65bd58c,reject_plate_visible
976093cd8c1d21fb,reject_other
8abfdd78dbe1d575,reject_plate_visible
0f78c692f5d67965,reject_plate_visible
eebf7f7bcb23447f,accepted_negative
503fa8a862275e8e,reject_plate_visible
b255cbf633189db4,accepted_negative
f59f624620f099df,reject_other
44cee71a77765756,accepted_negative
e39c966fed9f14ac,reject_other
0ec2376f42667511,reject_plate_visible
ab29ef1cf0be07e2,reject_plate_visible
5206ff75a1e480b0,accepted_negative
5b7dd4a2f5cf061b,accepted_negative
75bb48b37326f260,accepted_negative
0aa3a6c33fca122b,reject_other
3cf98ac0a6f4ebbe,accepted_negative
84715b0aebdd3286,reject_other
5bad234ab5b7c51f,reject_other
fab5d47b3dac5175,accepted_negative
1cd04797f44a04a1,accepted_negative
d7deef955e16cc20,reject_plate_visible
98d5640bd8b7ac4c,accepted_negative
c69f2321e250dded,accepted_negative
97293a439963c5f2,reject_plate_visible
7f27492e450462f2,accepted_negative
643996d130d3f85a,accepted_negative
a30d03e30dca89ea,reject_plate_visible
0cd3f9eba856a179,accepted_negative
2817040c18931d8c,reject_plate_visible
a0c3db2ebd0c7e15,accepted_negative
5a744fff7ae49c3d,reject_plate_visible
3caf3595f1850d96,reject_other
96e4b779894a7bee,reject_plate_visible
ce261f0246b3f0e6,reject_other
f70c970567d702a9,accepted_negative
fe00cdea194cad52,accepted_negative
4eba7c4cf06ce3b2,reject_other
f8abba74ae677e3a,reject_other
8a1d6c3cb3c0130c,reject_plate_visible
c7c8a1ed903d13cb,reject_other
755984fd914761e9,reject_other
09a2b6b7a21899b1,accepted_negative
7888e4b9082b596b,accepted_negative
359cf178d5d71e1e,accepted_negative
f9534bbc2efde04d,reject_other
f0288618004607e8,reject_other
a0766aebae64a7bf,accepted_negative
1945f91b6f5311ed,reject_plate_visible
55b7a4a581331b4b,accepted_negative
bb385a8b7ae24398,accepted_negative
6459868e3854cb92,reject_other
250cff95028e4b23,reject_plate_visible
eebecaf5f2eca0c3,reject_other
472433c727aa4d93,reject_plate_visible
ac9dbbe1e4b0607c,accepted_negative
177e8e1e8e2cd5c4,reject_other
4869620129420c76,accepted_negative
b5cd371d7747c0d0,accepted_negative
4f45af2129579818,accepted_negative
77868697d138c1af,accepted_negative
2e969144f13eb1dc,accepted_negative
9d73a254d53ebda2,accepted_negative
52459c8e4e4d7aad,accepted_negative
ccc6cc13dd83bfe7,accepted_negative
af56abadc4f15ca4,reject_other
4125df3dbe46a6af,accepted_negative
22fd9ab7000f6780,reject_other
f172a83198d21d73,accepted_negative
d1c1d5c42403eee1,reject_other
be9c298bcc3923b7,reject_other
5bc825b3cfc52f8a,reject_plate_visible
ea9d9f6485e7c31f,reject_other
ad9a8dc4642fc95f,accepted_negative
25f289ec775caf9d,reject_plate_visible
ae62276f3c75b0a0,accepted_negative
38f6f8f03b093511,accepted_negative
47c21790ded1de42,reject_other
e177808aa94ba89f,reject_other
679c30c5dee188a3,accepted_negative
51275bdec3a7d1b9,reject_other
0c469aef6949c225,reject_plate_visible
1858c0edbff1ae49,accepted_negative
5e5f88b7f8549dd3,reject_plate_visible
2c443bcc71c4fa61,reject_other
c4dcd7e82d51e846,reject_plate_visible
9de20de969b810b2,accepted_negative
183f7b1b158cf302,reject_other
4e24222b68123ef3,reject_other
3faa503009c70368,unsure
0957f5ff3cb3a2bb,accepted_negative
1c98c3430fcb248f,accepted_negative
681de8607456adeb,reject_other
875a8143a53f6e9d,reject_other
bea1f735697cd5f8,accepted_negative
c0b75366019b4c7d,reject_plate_visible
cb6803302419d988,reject_other
e865fb50fafbb374,reject_plate_visible
aa4e9018a6d5c301,reject_other
35edb10155ba1b02,accepted_negative
3d88ecd11a613b8f,reject_plate_visible
5ceb46bd2be911c3,accepted_negative
dae81f70ddcef155,accepted_negative
5b38e334a4fc5a1e,reject_other
65ebdb225140d906,reject_other
d45f95ea65561467,reject_plate_visible
aeb065a113586816,reject_plate_visible
2f1a4aafc16f23d3,accepted_negative
7d709e8151fe48bf,reject_other
3aacc9df5fe80ec4,accepted_negative
5f35130b3d0e988a,reject_other
cd207063b0f880a0,reject_plate_visible
4d0fde9d33482a12,reject_plate_visible
3bedf03ab39cfe33,reject_other
55d000ec281c48dd,reject_other
658b8e771c498e46,reject_plate_visible
17f5e5ba008b570e,reject_other
9ebaf21ed8d77e95,reject_other
920aaeaa09e25d0c,accepted_negative
e07448d88ae26bfc,reject_plate_visible
2bde6d2981a7988c,reject_plate_visible
2171c3ebc8b784b2,reject_other
16cbb5698a976f3d,reject_other
705a8e75305e0ba2,reject_other
b26ed3fdc5e763a1,reject_plate_visible
9f9e8c3480662075,reject_other
845336059e2c106e,accepted_negative
83e48c35b3f13432,reject_other
1b3247da6dd5d578,reject_plate_visible
ce4d42824e6075f6,reject_plate_visible
5441af56573126fc,reject_other
796cd93ac50fee9d,reject_other
37e8cd93daea6634,reject_plate_visible
5e0a138b32ed3dbf,reject_plate_visible
27f40ebf9ec0528e,accepted_negative
946ae6cd596aa4b1,reject_other
c1a057a687712874,accepted_negative
ff34bd4af5e3f7c4,reject_plate_visible
fddc1225cb4a5299,reject_plate_visible
4688e6220a92562a,accepted_negative
5b54678ebd8b8af3,accepted_negative
9bd789e3ec78cd1d,accepted_negative
2b6443f89c0eae1d,accepted_negative
597989455edf71ce,accepted_negative
6325cc0d75ab233e,reject_plate_visible
e88a419799e0b7cd,reject_other
7a9246a73f8a19d0,reject_other
1920bcb71692fd81,accepted_negative
dcb2cba30def55f3,reject_other
94a0efb2383b5178,reject_plate_visible
06bc010875dc40cb,reject_other
df7e7f36e14a72a1,reject_other
4190e6f4de2db0c1,reject_other
2d8c7bb8263c19a7,accepted_negative
eb397d48055afa40,reject_other
1ee1713f61020a40,reject_other
1eb20e24e9ee123e,reject_plate_visible
8208cc17c2fc577c,reject_other
edc3162d7db96db5,reject_other
7b010d3df34d9dc6,accepted_negative
0509a89bb7c0810c,reject_other
cf0ce8fb5da5c0f4,reject_other
0b5cde64f4b0b523,reject_other
57ea92b50b73dc3c,accepted_negative
43d0a572b0768443,reject_other
d7f48eef89b429ff,reject_other
2876b84d5fb4a970,reject_plate_visible
b0b49e0e127c68d9,reject_other
060549b24a2a7b8a,accepted_negative
ebedb90406b7980f,reject_plate_visible
f185f8f2d67d0067,reject_other
a202156cdcee0cb1,reject_other
d32dd202ccf68892,accepted_negative
8e530ad68fd86cfe,accepted_negative
4fc8246e1ffddf77,accepted_negative
bcbd2731a5dde611,reject_other
9abeed7d14b78323,accepted_negative
efca145fc7ca78a2,reject_other
788fb80ae1a258b8,reject_plate_visible
5fc1b05213e13e19,accepted_negative
0160b5826ab10020,reject_plate_visible
bfc788cdd15200ab,accepted_negative
8e099de76ce924d4,reject_other
8d1e53413cd9c13f,accepted_negative
c8af642dc48b0a3a,reject_other
1f423f368aebf7f3,reject_other
5eeaf1668488ef60,reject_other
6e012cc0602d3dc1,reject_other
25f6c6dcf46bcb29,accepted_negative
37c731440745f2cd,reject_plate_visible
c61ed68497448907,reject_plate_visible
5a4201c24cd6374b,reject_other
169795b5dffa3dc6,reject_other
1d1f0931facb930f,reject_plate_visible
32f8b86702777556,reject_other
be61e39e9ddd4f79,accepted_negative
627ae5929f890dd9,accepted_negative
309704c6cd16403f,reject_other
5a2de1bf50451113,reject_other
b2de781b233e90e3,reject_other
9878450def2fa01f,reject_plate_visible
a51fc84ad9e6f883,reject_other
4706349d43922f78,reject_other
c68c16d1c900d2c3,unsure
cc0626b08c279b2e,accepted_negative
ad336927e1782c14,reject_other
d149f8fd6f33910c,accepted_negative
57e7d4963ec5c3c1,accepted_negative
f811b7056327f050,reject_other
6063972a8e6fd41f,reject_other
94c99b3aea7ee041,unsure
2ccda0175d74e6ca,reject_other
078487a2cbd4e706,reject_other
2c0e54cb2dcad01d,accepted_negative
ee267b62fd17a9b1,accepted_negative
01d3fdb0f6383edb,accepted_negative
7d0dcdc0f73ea9dc,reject_other
858c5f7849432243,accepted_negative
7cce57be781619a9,reject_other
0aa394880e667d5f,reject_other
dc5ab4cdd2404033,reject_other
b6f733ad704037a1,reject_other
ac5e0a67cf77e2bc,reject_plate_visible
9c7e9f0b7713352b,accepted_negative
968de9af03d2b759,reject_other
e16e10c1616cf86a,accepted_negative
9fc6b9554a142b1a,reject_other
0c3ee986fa326b1a,reject_plate_visible
c0931f7687faaaf4,reject_other
acca966d0b309168,reject_plate_visible
604af23ba71c2cf7,reject_other
377c634f1ee0e59f,reject_plate_visible
c7fe1f2451713937,reject_other
d9320663692bd2b4,reject_plate_visible
6a0ddf0032b0add5,accepted_negative
7dfb655c98dbabb8,accepted_negative
a8a98ab0887289ac,reject_other
73bac03c4c85eacc,reject_plate_visible
90576c0143252086,accepted_negative
08ec3db34110d2f0,accepted_negative
d62f69c3641002c0,reject_other
ad62a64491ce37d6,reject_other
93bd04c1d7e2c6f3,reject_other
683307758eb4fd7c,reject_other
8e20069666895a06,accepted_negative
8d781231c83da632,reject_other
09d45c49c4adbae4,reject_plate_visible
9dfb85e9b2d13860,reject_other
21fa701c0c5f984b,reject_plate_visible
120aa891935c39e0,reject_other
3cf8a5253e133309,reject_plate_visible
2fbe14d7e980e019,accepted_negative
3cc444acad43c400,reject_other
79445a6e49ee53b9,reject_plate_visible
7cf289913bae7ea0,accepted_negative
6f37339340c509c6,reject_other
37ad4393b55ce83f,reject_other
ca2fd51a86b250cd,reject_plate_visible
df95828824c71f80,accepted_negative
0660c06266751279,accepted_negative
5ea8e87188c789c9,accepted_negative
a7dc319673854dbd,reject_plate_visible
4d8cb740e0fc5190,reject_other
391fd86971be76e8,reject_other
1ac105617905db2e,accepted_negative
34af2d63ec69261a,accepted_negative
68888ebc8de0ee07,reject_plate_visible
7dbfeb4cef319270,reject_other
aff34b5d6463cb24,reject_other
e0bd4e5ca5cf60db,reject_other
f4deefa9e82df7ee,reject_plate_visible
c18f060dd4c13960,reject_other
acceb61fd5fd7294,unsure
3ca305f0d6d5fabe,accepted_negative
354c084fa1af1081,reject_other
76a5569275545b55,reject_other
3365fe01a8106706,unsure
81da569b065335f6,accepted_negative
158007f40b3bb576,reject_plate_visible
e4c8c9c06c4a94e7,reject_plate_visible
a6c322881a01d7dc,accepted_negative
9b256ff498b2e0cf,reject_other
19236c7246a7c659,accepted_negative
9440d99b3f7045d0,reject_other
aed5819b39cf43fb,reject_other
97bacabca8715cf1,reject_other
65869ed6d6a6ba7f,reject_other
8b6fab32f099cf50,reject_other
75c1ad678e1348de,accepted_negative
e5eda0b2eda24d4d,reject_other
6ba64443fd416a1a,reject_other
b3f0159e11422533,reject_other
303fc34e197ab279,reject_other
1b3170a37d67e648,reject_other
02ce1fafcee090b2,reject_other
f5836d76bf45af23,reject_plate_visible
f336be12f52dfac3,reject_other
2770c667b26f8bca,reject_other
884c3d4ac73cf084,accepted_negative
b30bc1fe86057942,reject_plate_visible
06890b3146f334e9,reject_plate_visible
1e1b24035061608f,reject_plate_visible
58bdebef50f61def,accepted_negative
e5d90ea80d80e493,reject_plate_visible
ce90f329d87bebc5,reject_other
2c873d743c820724,reject_other
f4848b3aaa36e581,accepted_negative
cc00f7ef8003e9c9,reject_plate_visible
20dca9baee45bf08,accepted_negative
cd2f0a3e2c35714e,accepted_negative
a33dc85419219920,reject_other
10a1ca4f2ae42ecc,reject_other
262708714a3c63f8,reject_other
07b79ed486dbaebf,reject_other
ba8223091a58e051,accepted_negative
0886a4ed78b45997,accepted_negative
98af206642e8b4fd,accepted_negative
8bba4c4b9f6f8cca,accepted_negative
ff51bd991bc3f7cc,reject_other
7d71e33ed26e7b71,reject_plate_visible
2351e8ef7d60e0a3,reject_plate_visible
182f8c415e97b719,accepted_negative
5cfde728dddb883d,accepted_negative
f021ae7925642b69,reject_other
33086f5c68b4f263,accepted_negative
f0558a707152ff49,accepted_negative
a426ce667c72871e,reject_other
9b40a59b90eea080,reject_other
18e19684837166f2,accepted_negative
dbd9cefc8e00cda8,reject_plate_visible
d06b043b38c6eb74,accepted_negative
aa9ef1f5deeb63c8,reject_plate_visible
c1034d2988b33706,reject_other
f8ca8da7de1936de,reject_plate_visible
fecd65bc5f32a73c,accepted_negative
fd9057ccc7dee19f,accepted_negative
2c68d8a2e6c66524,reject_plate_visible
4ad9295d442500a7,reject_other
72ab355a890823b1,accepted_negative
8777140e0e57b7fc,reject_plate_visible
10085be0a892b552,reject_other
b8b6f16bc5bf93c4,accepted_negative
9210bb0b0026808e,reject_other
257d9a91fefd665a,accepted_negative
3ea70b176f52eb8c,reject_other
fa69cc9e17b25502,reject_other
4b1662c80f753b39,reject_plate_visible
66ba2d21e81adf20,accepted_negative
e8fd89642b523a85,reject_other
4322673c99c6ee35,reject_other
98e7d9b479a3f62f,accepted_negative
611bd1d06425b1ca,reject_other
6538a7e058b50c78,reject_other
00a9ab66f8431dd6,reject_plate_visible
4687bf806c1114f3,reject_other
aa9680264a77a93d,reject_other
d08823f327d6e365,reject_other
3fd9b0f255576349,reject_other
aa1209fda5d2fc6e,accepted_negative
4c1dd11e3e057428,accepted_negative
9c6dd0ebf617ad0d,accepted_negative
9c5ad5f3cc309ca2,accepted_negative
c7896095909d995f,reject_plate_visible
0c54cbf5c613e962,reject_other
6da1defc54bc75b6,reject_plate_visible
f696baab26cbb667,reject_plate_visible
adb03ef204f27c53,reject_other
a2d69c09f6da7065,accepted_negative
0c2f6b78d926b6a2,reject_other
505e61f233199d28,reject_other
d90d33fbcbf3d8e1,reject_plate_visible
5c843a1746c3b1e8,accepted_negative
2bdc6b0d948c0576,reject_plate_visible
45084d81601b590f,reject_other
bb9dbf53fe8d2579,reject_other
adc4cefdd3dc2a00,accepted_negative
39aa876c04a3d4bc,accepted_negative
0cc072bcbf9d1cd3,reject_other
bd6f0327cb59b6d7,accepted_negative
3dd5a8cf53be1ac3,accepted_negative
29af9d6a4e73d617,reject_other
48d65695796fcabc,reject_plate_visible
f9f26cc45b07d456,accepted_negative
224b3ee5ac6b9eef,accepted_negative
590b799bde160691,reject_plate_visible
4a17d0be60db2ec0,reject_other
adf8490f17d728b5,reject_other
89f177b3ef8b6f80,reject_other
8b6477fe1dc42e00,reject_other
7387984d1da27064,reject_plate_visible
6100121f7039342a,accepted_negative
13e366b80a184868,reject_other
4156ff808a7f3bc0,accepted_negative
a4156577e7790a35,reject_other
182d6b20d582609c,reject_other
be43a520c8405be4,accepted_negative
a0550389f169871f,reject_other
23013e88618ca819,reject_other
528e9b327dda57da,reject_other
2d459f80dcb8e481,reject_other
c4d1775bfe5220c8,accepted_negative
ed53e8a904237c5a,accepted_negative
0be24a051ab73ebb,reject_plate_visible
ad823de0ea9d74a3,reject_other
1571f8c3ff72f19d,reject_other
8c750efaef705d2a,reject_other
6ae54f21ff44c7f1,reject_plate_visible
756500fe239f62af,accepted_negative
da74bb2b26b1bc3a,reject_plate_visible
98f4cfc1f2c92695,reject_plate_visible
ffe8d89197cb7ad0,reject_plate_visible
3a5da5cdcab04eed,accepted_negative
6ed94f5eca66a629,accepted_negative
276429cb625ae619,reject_other
63c7a69e2ca8f893,reject_other
63c9711b469c9900,accepted_negative
6cbec6dea0a27af2,reject_plate_visible
d578805ec96c3b59,accepted_negative
6e979625b4a31dfe,accepted_negative
3402464e83b40c96,reject_other
098f0d2a1e49ad7a,reject_plate_visible
c6d0cc86deb5c03c,reject_other
f68812e9361f50cf,accepted_negative
95130c9a9fa55abe,reject_plate_visible
1f08355d00f0b67c,reject_other
1198556469ddaf2c,reject_other
8c0a47b0d17f0270,reject_other
dca8c3758f449290,reject_other
06c31185481982c0,accepted_negative
d8d843cc394a641a,reject_plate_visible
2237dbeb1994b8d5,reject_other
c155d68c7ce560fe,accepted_negative
3d7691020986595a,accepted_negative
fd4ea6c881ddb2aa,accepted_negative
ee51293dc98d2460,reject_plate_visible
01e835e68b6af93d,accepted_negative
1cf287be0ecf5b99,reject_plate_visible
d0ba28c223667863,accepted_negative
626d5c61f5747a04,accepted_negative
d3e8487cc8951024,reject_other
0385528370f5a407,reject_other
8f5951f5a1ad343b,reject_other
ae19c8759254a0b8,reject_plate_visible
cd525c25331ef45b,reject_other
043e49649e58ac7f,accepted_negative
0be2d33cb3284846,accepted_negative
0929f26772e9ba98,reject_other
af2e390fe5a48015,accepted_negative
c3cc4879cb6617d2,reject_other
6af2b249759a88a6,reject_plate_visible
ebede1868c5bf5d9,accepted_negative
d99fbcefe579ce09,reject_other
df3578d86e6ce6b2,accepted_negative
9b405aa7c07ecad5,reject_plate_visible
32afbd2cb5644430,reject_other
80364dc170a91a85,reject_plate_visible
9a5176730c40b5f9,reject_other
ae7318e843bf11a1,reject_other
7e2ad1d5e66e4d5c,reject_plate_visible
8ab05b5cc651f25a,reject_other
2d58462098b0f3de,accepted_negative
2ed3aa7b7bc8f3bc,reject_other
096f0abef560d77d,reject_plate_visible
81fba9e6506007f2,accepted_negative
821f75f1f4061c79,accepted_negative
a901394a80496c28,reject_plate_visible
0c7091e1a7da5191,reject_other
81d2f0f9de8e77af,accepted_negative
526eb04c8fe70e57,reject_other
392e48ac0f3b9e5e,accepted_negative
abff09a8bdc34678,accepted_negative
69d58532aca1402f,reject_plate_visible
3762c477a7efaf67,reject_other
ff6291e2e88f01dc,reject_other
378bc8c151613c47,accepted_negative
156e19aaa8ad66dd,reject_other
e65eacba391b186d,reject_other
b46b4203c1dc4b8a,accepted_negative
04020ee1007da76f,reject_other
c34e0a29a4f28902,accepted_negative
414fee24ada16dd7,reject_plate_visible
3cf3dabe7ca64e0d,reject_other
9683ea7a5cd5f25c,reject_other
6a94a397eef2e469,reject_other
000b14e4ee4a2b2b,accepted_negative
62c00fe2d992774d,reject_other
1aa13ca74154f6ff,reject_other
548c1805b8e211bd,accepted_negative
7625e72c2b4495be,reject_other
8af3a080aaccd9d3,accepted_negative
dde9828bc53087c2,accepted_negative
757ad9f0c68881c7,reject_other
527b6f36b4142c55,reject_other
03014954973d3eb7,reject_plate_visible
39cb511f11714c85,reject_other
cd44033be4e80926,accepted_negative
c7966e0444051820,accepted_negative
54dc28f473b28382,reject_other
81de569c14e2230b,reject_other
c6dba8fef642767f,unsure
0f739ac580276e5f,accepted_negative
06260504ebf8e19b,reject_plate_visible
39412932bb0e0eff,reject_other
79847a2870686886,accepted_negative
2cb8eb52ecff7d38,reject_other
ed7b460f9fff0933,reject_other
c2fca918e753cab1,reject_plate_visible
b538dfe270485cf9,reject_plate_visible
5572f67e8b749698,accepted_negative
80f83da8bdc0ae70,reject_other
fc4ac866c71b1ab5,accepted_negative
8dfa42d4aacdb1ed,reject_plate_visible
1ca215c164af921d,accepted_negative
6fc575bcd49b32fa,reject_other
ce02d16b3a8456de,reject_plate_visible
9f7b1ba843d73183,reject_plate_visible
1f87a69e15d6c53e,accepted_negative
c664841774dba064,accepted_negative
3679a749e1179f8b,accepted_negative
3221e96aa6ff166a,accepted_negative
1bb06313eeb015fd,reject_plate_visible
c4cda86783c06bed,reject_other
11774b26be2ea95e,accepted_negative
f5c34a3ee9a0860f,accepted_negative
c16c9fc04c5b4987,reject_other
ba24cbb2bdda594f,reject_other
c610f970a2f7d7ea,reject_plate_visible
915dcadfe284e5d7,reject_other
aa3d536489f9d8ae,reject_other
7a70cee165246048,accepted_negative
6e57df0d8695dcec,reject_other
1e77e36490ba8249,reject_plate_visible
c05619e5b02cd91b,reject_plate_visible
4f167cf53f6ff080,reject_other
584f1bd931853422,reject_other
dc6fb3b457f0acc5,accepted_negative
061bff79d39dd60b,reject_plate_visible
8f8f1244b19b68d9,reject_plate_visible
92ebd2ebe77e874c,reject_plate_visible
bad01eff7177c769,reject_plate_visible
a7c91fcbe2e958ce,accepted_negative
f7ebb503a821df71,accepted_negative
f58a92f31111b283,reject_other
28b758acbbd6acf1,reject_plate_visible
781bd9cedac86e51,reject_plate_visible
ff891b52ab296946,reject_plate_visible
ae4f709247fd085a,reject_plate_visible
0f801f3ae5910fb8,reject_plate_visible
3cd25879bc147f65,accepted_negative
bdfcd212b8cea3ae,reject_other
1e6b8f97cbc836d3,reject_other
6ff662157e65a83f,accepted_negative
a73131b1a97b999d,reject_plate_visible
1bab589a526c1a78,reject_other
ffacc4c2cef88f2f,accepted_negative
d7cd1fbfdce359c1,accepted_negative
bccba4e83f42ee15,accepted_negative
ab40de9c64b31514,reject_plate_visible
b1c7fcfed4259f1a,accepted_negative
fba4b409da6c835a,reject_plate_visible
6dfbf26f0ac41b79,reject_plate_visible
b74e1cc75fec4500,reject_other
e98c4cb1c8729404,reject_other
dbc95fea78b63ae1,accepted_negative
e61fdde79d8bd31e,reject_plate_visible
6a23839d173029a4,reject_plate_visible
4fa17a32e39bd6f1,reject_plate_visible
483f23ab11ae24d6,accepted_negative
e76476fa4e900039,reject_other
03d45f0207d68aa2,accepted_negative
6c26bcfb0676c076,reject_plate_visible
f11843108e91e463,accepted_negative
2e591d91901ca753,accepted_negative
9cd654ace535902c,accepted_negative
c9dce07b8dca4f87,reject_other
e0805595ca05c4ac,reject_other
e9cce3515fde31b5,reject_other
5a0c010d27b88ced,accepted_negative
5817a42fe06e674d,accepted_negative
b9b0d09a66039b33,reject_other
ce72f78cea3a5f3a,accepted_negative
ea3270a5d77cad66,reject_plate_visible
bc18c708041edb2e,reject_other
c9887f97fd9b17b6,reject_other
93a9473bddcbddba,accepted_negative
d94e5a587686c0e3,reject_other
31e8ac4f2958c1c9,accepted_negative
355dc6cc157c10a1,reject_other
1af769a9e200a9e3,accepted_negative
5aa7e17e33ceb21a,reject_other
51b916ccc6d0a408,reject_other
989532067e3483bb,reject_plate_visible
e25f3f8d35124f5c,accepted_negative
08fd6d104e4d0063,reject_other
eebfba2c092db0a1,reject_other
2b3e4a4919cd47b4,accepted_negative
5c70a4df9b10d0d0,accepted_negative
2ff6ef0ab236c98c,reject_plate_visible
b0c503940aa1a080,reject_other
1c19b9bc011e75db,reject_other
73891841c6aa8f6a,reject_plate_visible
ca41e3f9a6b5233c,reject_other
a16708426f3186ce,reject_plate_visible
8df8d4edab0bd9fa,accepted_negative
33b28420f3e4977e,reject_plate_visible
5875bb24076e0403,accepted_negative
37ddd2c1b4e82033,reject_other
13c7d83654e4f3d4,accepted_negative
a7be253d936624d6,reject_other
942a1cfe25d3f45f,accepted_negative
a3842b063702bfdd,reject_other
5b8cabe92a2b398a,accepted_negative
155ef354f487d29a,reject_other
049ed008f5d01ff7,reject_other
15826e408ef990a4,accepted_negative
aea73cdadedeedd7,reject_other
6253532be47c296f,accepted_negative
fc8c7f784d3d8faf,reject_plate_visible
45c6e1533a017b4e,reject_plate_visible
d70bfa35c64a00c6,accepted_negative
ca8cad7cd29abbb8,reject_other
c7721703f0afed3d,accepted_negative
5a735d161535a24d,reject_plate_visible
8d706b24f25680eb,reject_other
bcc853e894db81c5,accepted_negative
6e92f404fbc31d24,accepted_negative
47ddfaeb3743d50f,accepted_negative
36bf66b6a0a8fcbe,reject_other
e0f6bdc5e2e340b6,accepted_negative
644da1bba690616e,reject_other
11a9c9ae64178d75,reject_plate_visible
01bf7be43e02e269,reject_other
e44f1a3cf903f9cd,reject_plate_visible
308467964f386972,accepted_negative
ea734c5db88ebc29,accepted_negative
d63795f89448fa77,accepted_negative
166c696dc8512207,accepted_negative
b895b1556120420e,reject_plate_visible
07c9c45a25a08433,reject_plate_visible
7c70ba2c846cde71,accepted_negative
30b54b940617059f,accepted_negative
aa16deaffe1bff25,unsure
bdd6fd042dec9f9f,accepted_negative
afd383a6b94c70f3,accepted_negative
2e4bbde27130482c,reject_other
a970093aef122d5d,accepted_negative
c91b34b9bd8c404b,accepted_negative
ca2f348f3197662d,reject_other
b261b4be88b9812d,accepted_negative
3c2a6a6f9cbad23c,reject_plate_visible
6a45a745afb68f73,accepted_negative
d1aca327d966d497,accepted_negative
3385ecc4e3aa69de,accepted_negative
dbd4772b31ed3a45,reject_other
a56d8c168dbef605,accepted_negative
d96b7d7f1dcf3a5c,accepted_negative
dee7334d66e10bc1,reject_other
82f266ac3901d716,reject_plate_visible
d1aeae8b927f8f80,accepted_negative
bfd66bb003c69415,accepted_negative
29f35564c9109ac9,accepted_negative
ce9041240c874c0a,reject_plate_visible
e883a07c908b91c9,accepted_negative
a70e22ce2700b5a3,accepted_negative
738da50e723a9f8f,reject_plate_visible
e6383745c637c156,reject_other
500a41fa1890cdab,reject_other
1facf3b79b412cf8,accepted_negative
cc4fe6a216643149,reject_other
efaa0ce551058199,accepted_negative
6bb3124e76b4b1c8,reject_plate_visible
7cbe0738c6a98509,reject_plate_visible
1aae1ebd06a23670,reject_other
fa3e8d6c610cd3b8,accepted_negative
4fe6a07b42b1bd54,accepted_negative
9b6ff79f08388b67,accepted_negative
440b516d9d4fd319,reject_other
836705d3551b72f4,reject_other
32ea1cad75b429f0,reject_other
e2f18014caaf302d,reject_other
6fd503736416f521,reject_plate_visible
d50f4d154d56b86d,reject_plate_visible
e64aa203ae60808c,accepted_negative
871f558ddb94d460,reject_other
11f73ded58b9fb69,accepted_negative
04e2cd7a942d424c,accepted_negative
47a256c18ae5102d,accepted_negative
0b67618ee472538f,accepted_negative
bf9c1ddbe87e34a0,accepted_negative
ae70d6aa45120e36,reject_other
fabfd943cd905fe0,reject_other
d2d5d54fa77afd1d,reject_other
013393625a45a044,reject_plate_visible
d7d4b9d2f8db82c4,reject_plate_visible
133484dd5ad21615,accepted_negative
e76acb9e6cdac4e0,reject_plate_visible
7fe73ef2a66692b9,accepted_negative
e097ac2afc6800ca,accepted_negative
06c3a4d6d83885cc,accepted_negative
52915181ee2b25de,accepted_negative
07937fe4aeb1a4e4,accepted_negative
8bacfb342209bd57,accepted_negative
fcd0bbec27591c45,reject_other
ab4683781632491c,accepted_negative
90498794c116ac12,accepted_negative
1dd640c244772274,accepted_negative
9534dcd470194472,accepted_negative
daf274a511b8742c,accepted_negative
4d4112bda2c05c41,reject_other
80b9ccbadaafa7f0,accepted_negative
60ed226e6cfc28d2,reject_other
76d7d9a132c3c1d6,accepted_negative
3058959a8b43c5cf,accepted_negative
1f8105aa559a6c3c,reject_other
22ca797f1ca23150,accepted_negative
fd372d61b059c6a5,accepted_negative
f4a14ed159d9a251,accepted_negative
6af64b1a300f2365,reject_plate_visible
5db6b6f8808f2ff8,accepted_negative
1c768a3e60a54b40,accepted_negative
b199eeb7b7cd9718,accepted_negative
ee0505f54863a31c,accepted_negative
69353fa7657ff1e6,accepted_negative
0b7703708dce49d3,accepted_negative
2cef16702ed65436,accepted_negative
3d854a7ba616cfd8,reject_other
5b311e6a650a6208,reject_plate_visible
94358d7676f57516,accepted_negative
d5125d469f4fca02,accepted_negative
77345c578045f8d6,reject_other
02dd78f664219bde,accepted_negative
d43b1ad16d580c3f,reject_plate_visible
eadfa36847d10308,accepted_negative
7c57be8707db6842,reject_plate_visible
f734471ab74a5116,reject_other
cf2da01080d55461,reject_other
baec5b103930c509,reject_plate_visible
13866ce6e38acc87,reject_other
681d7c8691489853,reject_plate_visible
0b4854f95ff858c7,accepted_negative
3b37ef5b3d0e3efb,reject_other
b0b45051f6ea7e88,reject_other
acb0ad30dff621ff,accepted_negative
6ddf3f2c83917221,reject_plate_visible
25301a30e7c9b7d8,accepted_negative
d58c0cdf95e55f27,accepted_negative
617b7eb2a254450d,reject_other
e702e166acb6c39c,accepted_negative
fc41e038a7a5f417,reject_plate_visible
7be1413e39c5f7b6,accepted_negative
e64fd919a0a7130a,reject_plate_visible
2815132c67ce11c1,reject_plate_visible
afb9c4929fd78652,accepted_negative
ade0664ea54fa250,reject_plate_visible
16c7ceb095f81a9b,reject_plate_visible
c916d72cf96cf8d3,reject_plate_visible
186b7ecedf5eddc8,reject_plate_visible
c3678cdd5a4508cf,accepted_negative
9c3a0ab58e928e7c,reject_other
ef10eb3fcf15fc58,reject_other
7fb9dbb3eabd165b,reject_other
1dc9ead0945515c7,accepted_negative
29d5a4cc9410e2ab,accepted_negative
bff6969d46b739a7,accepted_negative
b53469875a0542b3,accepted_negative
80baa9ad9e61c6a1,reject_plate_visible
9af70054a839651e,reject_other
c31a864eaa70692d,reject_other
d017436a31753edb,accepted_negative
d7ba93fd997607b3,reject_other
e86eaa23da78ed96,accepted_negative
59baab72fc4f0d81,reject_other
260f0d4f701f6ae6,accepted_negative
a2ffeb7675acf4c8,reject_other
a933056634b841fb,accepted_negative
cf82ae986cc6a780,reject_other
03199826c4aab1e3,reject_other
4e0ed9154e78e0cd,reject_other
cef83469c6c01089,reject_plate_visible
447a4308e611129c,accepted_negative
bbb9ac2db92b6da0,reject_plate_visible
0135b7a0b1010c08,accepted_negative
14c423bd0b26adfd,reject_other
8406354c09070f9b,accepted_negative
c8b3ee6984721a12,accepted_negative
535d32ae0bc048b7,reject_other
bf81a1e4b0c1149d,reject_plate_visible
193df57341b61383,reject_other
938ac8395eaba2f6,accepted_negative
1bb85500f000105f,reject_other
d6c431267236e046,reject_plate_visible
4b3189f87731c7d0,reject_plate_visible
d6f4b50a6e17f839,reject_plate_visible
1b439ea34238b7c5,reject_other
425c0d346e99377d,accepted_negative
bc9dc814a55fce6a,reject_plate_visible
c3de53443c884dbf,reject_plate_visible
1daa2fc3c6bfc2ab,reject_other
90c0a5d1369cfcdc,accepted_negative
d2ed8bdc72697a09,reject_other
1dbc1a76c7438bdb,reject_other
91ad3a0723796298,accepted_negative
bf5bfe86059cc0a0,reject_plate_visible
6d1f521753d1d734,reject_plate_visible
9ad557de97d61e7d,accepted_negative
ce1386e39c5468aa,reject_other
c1d5d8a9c819fe37,accepted_negative
7ea79b41d75e6935,reject_other
17204d61674438dc,accepted_negative
dc6b00ef478a567a,reject_plate_visible
572c64e038f7c864,accepted_negative
74a004e582130f67,reject_other
ad27eaabf5d16562,reject_other
c3f5fe73ede3d791,reject_other
3f62bf399ce32e50,reject_other
df21ace44af178b2,accepted_negative
8d7c325cc3ccac86,accepted_negative
a11e62e02f6292a1,accepted_negative
def75350f572342e,reject_plate_visible
d312827e5ebade91,accepted_negative
164a8e45bc699350,accepted_negative
a71f5826c4405ccc,accepted_negative
bc7572a7e9927821,reject_plate_visible
47a0ccf41b7023e2,accepted_negative
59faebe4d233d369,accepted_negative
d1ead02f9f58bea5,reject_other
f715d447b54624ed,reject_plate_visible
6878ee39b36f966b,accepted_negative
fbe759b416555ed2,unsure
f6dcb3ac0116a663,reject_other
e0a6052c5e8c2f93,reject_other
bf1b306fceb14d98,reject_other
c647331d10c05bfe,reject_plate_visible
51a1afd42be02364,reject_other
49b6d2d08c2ef0d8,reject_other
8a48094160a0dd08,reject_plate_visible
5efd8178715f0d89,reject_plate_visible
1fb67ad46c9d11ef,reject_plate_visible
f82a4aa3b6971315,reject_plate_visible
eaaedc847347df2f,accepted_negative
00233e61f68461f5,reject_plate_visible
1cda5a905ff90d15,reject_other
f624774bd981840f,accepted_negative
82a0ab83810f3ebf,accepted_negative
da35c6c942d80b9b,reject_other
879a0a81ddbd18e8,accepted_negative
e09e5523a16c2cc1,accepted_negative
e1b19352e4432f9e,accepted_negative
0d0bc9e71093aafc,reject_other
498d31593a10f9c7,reject_plate_visible
d7f5d90a47ef433a,accepted_negative
2476bfd11397eaef,accepted_negative
b2554493d0ea1660,accepted_negative
621e7a9b39353d50,reject_other
75d77580c6612ff6,reject_other
88ede79cd80d0421,reject_other
5dc9465b0bad69fc,accepted_negative
d32f183fd34e2446,reject_plate_visible
8cccd0706a058493,reject_other
af484f5312720b36,reject_other
f194a92dab0161b8,reject_other
f9796848b90791a9,accepted_negative
01ac16fdb1e4b983,reject_other
efac4488147bcaa4,accepted_negative
2322f164cbebec9e,accepted_negative
576528aa7793cc35,accepted_negative
2c6565d8edc7567d,reject_plate_visible
4efc085fb84a38df,reject_other
e6a95530fb7a3300,reject_other
865d32b7844ca577,accepted_negative
3a1e99a8dc7fc206,reject_plate_visible
7abc74b108634fef,accepted_negative
afda272923bbd186,reject_plate_visible
e574dda9523a12c3,reject_plate_visible
7e7ce8b84f472f39,reject_other
ebdb554f2ef14773,reject_other
0aea452ca8e904e7,reject_other
2b16c6a8271545da,accepted_negative
b657fb701244d7c6,reject_plate_visible
b82b2264fc115128,reject_other
1b8eba711f3aed2d,accepted_negative
307ef895dfd65e07,accepted_negative
9e73f3878388820f,reject_other
08ae3439b32fae0a,reject_other
be006c7ca2839750,reject_plate_visible
d6a128d44c67b126,accepted_negative
d7999e3211cc3610,reject_plate_visible
8b71f5a78d0f2fe7,reject_other
59cb4c85a8a11dde,accepted_negative
4d90f0b2efae6755,reject_other
f70ce6483327e1c4,reject_other
02a874da512add8d,accepted_negative
61656584cdaaa017,reject_other
0bd3777165eaadd8,reject_other
0cdcbed35382917a,accepted_negative
1cf579a3c09864cf,reject_plate_visible
129427b1a7bb9c29,reject_other
7b228611095dc121,reject_plate_visible
ba80252f997e0ed7,reject_other
2635e0de3b0f5c0c,accepted_negative
fd31b9788f0862fb,accepted_negative
2d1c892833f8fd51,accepted_negative
eb522e0413ec310e,accepted_negative
c9df5c95191f99ae,reject_plate_visible
d4f1f43f408ae7dd,reject_other
b4a1bde0989bae0c,reject_other
90f90d8627de31fc,accepted_negative
b773a46022293a40,reject_plate_visible
6b1863bfc699f208,accepted_negative
6d06263c728e39ef,accepted_negative
cdbfba37f38e4c71,accepted_negative
29b8db86342da63e,accepted_negative
78066a4752bc11fe,accepted_negative
6aeb6e2e194cad62,reject_other
b2a1264ac79c0cc9,accepted_negative
375df782b7e7ad1b,accepted_negative
712869ceedef585a,reject_other
bc2dce8781efeccb,reject_other
5b519fbae7246573,reject_other
f86da18ef058e32a,reject_plate_visible
60a9d1a9e1013b1f,accepted_negative
c64e2bd02a95e0d1,reject_plate_visible
551c2d620c9da1b6,reject_plate_visible
e2df655e7ff3d0f3,accepted_negative
ef0dc57824fbcf1a,reject_other
09baea0062dc8c4c,reject_plate_visible
b5bdbee3a1f94e38,reject_plate_visible
0ee3eec81d129cf9,reject_other
2520b85a3da7ecb2,accepted_negative
f6199f9633be7c5d,accepted_negative
3b17ab5107bef9bb,accepted_negative
9aa9c1d12e45d103,reject_other
c605a1fa450747ac,accepted_negative
0e88c20dd40e6b87,accepted_negative
836fa14b9a909258,accepted_negative
5b74810708ae85bb,reject_other
24ce1003a4028a5f,reject_other
dad943c247b82ea8,reject_other
785d7fc50b780b9a,reject_plate_visible
430f8ce092d7ce81,reject_plate_visible
47bf14d20a0ea25f,reject_plate_visible
eb01ca7bf779078b,reject_other
f9f3cde717aa4e24,reject_other
69b389b59a7c89dc,reject_plate_visible
7fbd1ba4178cda7a,accepted_negative
f903a321b61452f1,accepted_negative
973d57b91ebed6ce,reject_other
ecf4ae7cbd10512a,accepted_negative
3116dd988b5679db,accepted_negative
5aea3581c2289116,reject_other
9c35caa41cfcb9d2,reject_other
2bc5e1bb91dbca92,reject_plate_visible
85d86e58ea8df974,reject_plate_visible
7de4d90206cb3554,accepted_negative
fa1c181a461dafb7,reject_other
6d6ecdf31cf2fbe7,reject_other
95f48f32cf193818,reject_other
9f85e9e398dd5d8f,accepted_negative
441b7d097fffdba2,reject_other
b964c392ddec4ce9,unsure
f7d3debc26db6ae8,accepted_negative
60ec498eb6b9b8e6,reject_plate_visible
6838e38aa5867290,reject_plate_visible
b8f7f3ccf331e475,accepted_negative
64dba7d9f0012b6e,accepted_negative
766731305d81c3a0,accepted_negative
b3a20f189d49e3e1,reject_plate_visible
1b150bcc6898a21d,reject_other
c09811c44c3f8334,reject_other
dcd1440efb5aae0e,reject_plate_visible
6811f8285b18bc64,accepted_negative
d773908453446268,reject_plate_visible
7ebeee3412864b41,accepted_negative
f7d0a47b8ce69bf6,accepted_negative
19ee8c6f968c79a4,accepted_negative
3cce08ded1041d00,accepted_negative
b8ad51bca8a0bf07,reject_plate_visible
248dd18862415f4f,accepted_negative
243cb9f462917e8a,reject_plate_visible
6ca118a6e509be03,reject_plate_visible
45f84921bc87c89e,accepted_negative
98bb3ba8877b1f04,reject_other
f1295c45da38c0b7,reject_other
798fad65adfa31e2,accepted_negative
8043c740a9af8fcf,accepted_negative
6d5fde451e137282,accepted_negative
99bf42b3a390542d,accepted_negative
be755ebe3cab80af,reject_other
35ab1cb11458b46b,reject_other
e39c9c21401e5669,reject_plate_visible
5f840f3aee6844be,accepted_negative
c0fe516187de6cae,reject_plate_visible
8c03be524343eebe,accepted_negative
18d412aba3d2ef56,reject_other
13a18aa76234eb1a,reject_other
3d17a196eb2754a3,reject_other
ff39373f8bd10cf2,reject_other
01c9edfa13e2eb24,reject_plate_visible
0499aff99088200a,reject_other
31432ba0fb229010,reject_other
bc58219d6a163729,reject_other
66c367c45ee99068,reject_other
2657bba60b07b314,reject_other
1168519d66c897a6,reject_other
2377e225be4e135b,reject_plate_visible
d67bae5fa2cafdf5,reject_other
12ecc1f2047f0d67,reject_plate_visible
2706d483dade2f7d,accepted_negative
b6bb1aba7f185f70,accepted_negative
a7933468052bdbd0,reject_plate_visible
d8427d7c5d7ca2b9,accepted_negative
626752afa781e8f7,accepted_negative
a189f2012c4c74ee,reject_plate_visible
27dbeb83ac63352d,reject_other
b71c9f3c7c57ee19,accepted_negative
0a8fa6348bb08b8f,reject_plate_visible
16afaa3f9170ce43,reject_other
bf40f72e1bf765a4,reject_other
08bf84bb9662086d,accepted_negative
5fed2a26689e3e8b,unsure
47935c73d1275e51,reject_plate_visible
aa85f85155cfb0d3,reject_other
3767b86cb78bef13,reject_other
de282a1f2e13b254,accepted_negative
d67533156d52e10c,unsure
3a6d680b90d87f83,reject_other
1bcc4f38521cf717,reject_other
35c68448eac11a1c,accepted_negative
b4662cd6e8472f7b,reject_plate_visible
a0a478cb014b486e,reject_other
7f6b58e38b918c75,accepted_negative
1ad3a4e292194aff,reject_other
fc95c37aef56fcff,reject_other
c9cb28942a01fab3,reject_other
0319000d042d15b9,reject_other
8d73119de5779d44,accepted_negative
0a07ea61bd63ea5c,reject_other
591e2139fd34b400,reject_other
67956edef12a3f04,reject_other
469a260d52786ae7,accepted_negative
49d42e686422801d,reject_other
a3348bfcc05061b5,accepted_negative
02fdaac90cdf6593,reject_plate_visible
5e5b1ea5ab28656e,reject_plate_visible
f58f4ed4833fbc5b,reject_other
35d8b6cab489e841,reject_other
c2bbd341fb948b09,reject_other
9d0365e9929cae91,accepted_negative
887250e900ea2b18,reject_other
cd9b99da4d9f454b,reject_other
635585fb106c8d48,reject_plate_visible
737021a35f39a6c0,reject_other
a6f3973f9c11d26c,reject_other
d5184b5a9db46890,accepted_negative
c02e5d9e7b25e182,accepted_negative
736697b6d0b9c7ff,accepted_negative
bcb342527ef9cb3f,reject_plate_visible
e93b027ce1557d48,reject_other
762e8c86491dfbf2,reject_other
93e517e39a7d2b18,reject_plate_visible
0e45c6e68cfc3980,accepted_negative
78b7c12410435eee,reject_plate_visible
3915a12316f48cf7,accepted_negative
ec202b7e1b7df2d6,reject_plate_visible
83c67c5cb2fbc9d4,reject_other
e71f7ac5f9e049e5,reject_plate_visible
f6d474058fdfc92d,reject_other
45f9b594fd32feb1,reject_plate_visible
122cbe069b17af5a,reject_other
24efc7715654fb0c,accepted_negative
1f2c589e49a3bcd0,accepted_negative
97dbd0778e821866,reject_other
f84d977383738e28,accepted_negative
964ad82bf7ed1313,accepted_negative
294aff231c7c290a,reject_plate_visible
c07a3125fe7df43f,accepted_negative
441821fc78530878,reject_plate_visible
39b4860ffee0982c,reject_other
c0777c8f0deacc78,accepted_negative
29d9bf6f192ba3a4,reject_other
ae3c4e0218db25e4,accepted_negative
c1563a24b14fc3c5,reject_other
3a25f2b1e9bcfc8d,accepted_negative
c909704c360c3d48,accepted_negative
bb087557d064c699,reject_other
f22adcc61f876869,reject_other
7c3ab0b1bdc4ada1,reject_plate_visible
2cb9ea657bfa2a48,accepted_negative
7d6d778257e835df,reject_other
683fc814ec0432d7,reject_plate_visible
67a65ce639934f9b,reject_other
cf255a6a2c2d23b8,reject_plate_visible
edd80d0702b7ac29,accepted_negative
a62737522789f1f3,accepted_negative
fa71959273ea204c,accepted_negative
1cf4d247c70fcb94,reject_other
34d9f9d2af0f7ae2,reject_other
126b45c982d40c49,reject_other
29440a6e6f90a5b7,reject_other
3917e05f98a500a9,reject_plate_visible
2a3197de2918a39b,reject_other
dc65b7e42f057a82,accepted_negative
5e786004a6fcd342,reject_plate_visible
fb81bce006d17076,reject_other
9b714afb9309f86e,accepted_negative
29c723113127cd5e,reject_other
7c08f32689c9e2e1,unsure
151d6fc348b03c6c,reject_other
06cad6838bb43a0c,accepted_negative
023bb1f26c57512f,reject_other
ad762165d5eeb1bd,reject_other
148929fe15f3af10,reject_plate_visible
5a17d3b7c260342a,reject_plate_visible
25a8b5e2f699c548,reject_other
5177da9960ab6e14,reject_plate_visible
0f8f5bc9b71be618,accepted_negative
f58c8d9ce60db95a,reject_other
f97a214a3be9a190,accepted_negative
32c379679360d41c,reject_plate_visible
5f88bddf12621e20,reject_other
439f0eb2ecbbda68,accepted_negative
459f93453f7fbdca,reject_other
63cbeba5233632ad,accepted_negative
f7a16c91967b3acc,accepted_negative
bf4e46a4e79e13cd,reject_plate_visible
00a9f1817594f581,accepted_negative
64c1a677d13d61b0,reject_plate_visible
61ccc92aaf64f8f5,reject_other
60ff2c943623994e,accepted_negative
87fab55d98db596d,reject_other
f2a36b38b5a79be1,accepted_negative
e4e0d6ed7b8e3ee6,reject_plate_visible
1ab3b2b5670d0d23,reject_plate_visible
4b1055f6b90cecd6,accepted_negative
72a487df796b9dc8,reject_other
a74457d42675c2a7,reject_other
ce0731a57599ab5b,reject_plate_visible
0b0cf088f7bcdc07,reject_other
f50eb6df345f4455,accepted_negative
2462520ae7b86d0e,reject_other
532417dc35eb17af,reject_other
b98299663d776aaf,accepted_negative
8a4d2b575e950cf3,accepted_negative
c89515b437ea52e5,reject_other
4c98ab5dad7d194b,reject_other
cf9d87abdb5634f0,reject_plate_visible
b9bc35866739215c,accepted_negative
3b190b894e593fae,accepted_negative
b89911f140005b31,reject_plate_visible
b60d9b7c3b8e7f5c,reject_other
7e416e1b7c83e0e7,reject_plate_visible
e11f725f4db3144a,unsure
619cb36a77ea71ae,reject_other
bb52b2645fac59e7,accepted_negative
91d9fdf75f8a319b,reject_plate_visible
842f87cc7bb2a5e6,reject_plate_visible
695ab671393e504e,reject_other
a60a058fa04eeed0,reject_plate_visible
b97c3cfbc67fe00b,accepted_negative
7e8cce00ad460513,reject_plate_visible
e5663d3ab77528aa,reject_other
0b336fc59253f5cc,reject_plate_visible
4cc82a839de0c832,reject_plate_visible
8f6b5a81b9cecc3e,reject_plate_visible
1583b3e785efabea,accepted_negative
1d01568a9f8b528f,accepted_negative
f9354375a7289eae,reject_other
03390446d74c6576,accepted_negative
e060bb09b4f825e1,accepted_negative
ff6914b96eea007e,accepted_negative
6f3e3b25d9b345c3,accepted_negative
35878fcc102a1475,accepted_negative
57ba59b487d9ec76,unsure
5a2c741828daad54,reject_other
bc4e2fa8e14d99bc,accepted_negative
557d65bdfcc13c1d,accepted_negative
66ceee0747aff0d7,accepted_negative
eaff4ea720f4181e,accepted_negative
1f70bb54b5e1dff9,reject_other
2b94572faf1687f4,accepted_negative
5b8edfc31574ac45,reject_other
cf0d9e7b9f80957f,reject_other
128d2a21f6107e4f,accepted_negative
9f37ed1a9e010504,reject_plate_visible
d80da53f856ba86e,reject_plate_visible
