source_image_name,source_sequence,source_frame,source_split,plate_instance_count,pixel_min,pixel_max,pixel_mean,pixel_std,is_all_black,is_near_black,is_near_uniform
dayride_type1_001.mp4#t=3.jpg,dayride_type1_001.mp4,3,train,1,31,255,132.68865596064813,62.02631335836535,False,False,False
dayride_type1_001.mp4#t=20.jpg,dayride_type1_001.mp4,20,train,1,34,255,134.82626953125,62.46676523780589,False,False,False
dayride_type1_001.mp4#t=31.jpg,dayride_type1_001.mp4,31,train,1,52,255,145.15245406539353,62.33426964505267,False,False,False
dayride_type1_001.mp4#t=32.jpg,dayride_type1_001.mp4,32,train,1,50,255,145.80014720775463,61.51528083052459,False,False,False
dayride_type1_001.mp4#t=33.jpg,dayride_type1_001.mp4,33,train,1,41,255,141.9410546875,64.05893750134192,False,False,False
dayride_type1_001.mp4#t=37.jpg,dayride_type1_001.mp4,37,valid,1,36,255,141.64315646701388,64.7891574038865,False,False,False
dayride_type1_001.mp4#t=56.jpg,dayride_type1_001.mp4,56,train,1,34,255,144.3044632523148,64.61807063366517,False,False,False
dayride_type1_001.mp4#t=83.jpg,dayride_type1_001.mp4,83,train,1,54,255,147.8006517650463,59.206338328536404,False,False,False
dayride_type1_001.mp4#t=84.jpg,dayride_type1_001.mp4,84,train,1,48,255,146.28352936921297,58.94580202994336,False,False,False
dayride_type1_001.mp4#t=85.jpg,dayride_type1_001.mp4,85,valid,1,47,255,144.22301830150462,59.73675366158822,False,False,False
dayride_type1_001.mp4#t=86.jpg,dayride_type1_001.mp4,86,train,1,39,255,144.0335912181713,61.028766552854535,False,False,False
dayride_type1_001.mp4#t=87.jpg,dayride_type1_001.mp4,87,train,1,35,255,144.27693033854166,61.401462886357216,False,False,False
dayride_type1_001.mp4#t=119.jpg,dayride_type1_001.mp4,119,train,1,35,255,130.8736740451389,60.33826440867775,False,False,False
dayride_type1_001.mp4#t=120.jpg,dayride_type1_001.mp4,120,train,1,38,255,133.65509910300926,60.4433787294457,False,False,False
dayride_type1_001.mp4#t=147.jpg,dayride_type1_001.mp4,147,valid,1,44,255,137.41496708622685,59.0765258883874,False,False,False
dayride_type1_001.mp4#t=148.jpg,dayride_type1_001.mp4,148,train,1,43,255,130.327099609375,54.96819054484481,False,False,False
dayride_type1_001.mp4#t=149.jpg,dayride_type1_001.mp4,149,train,1,38,255,123.17897316261575,52.678457821740146,False,False,False
dayride_type1_001.mp4#t=150.jpg,dayride_type1_001.mp4,150,train,1,38,255,126.77567925347222,55.37987922990307,False,False,False
dayride_type1_001.mp4#t=151.jpg,dayride_type1_001.mp4,151,valid,1,37,255,133.3635865162037,59.67798894928029,False,False,False
dayride_type1_001.mp4#t=152.jpg,dayride_type1_001.mp4,152,train,1,43,255,136.18529803240742,62.07106031862065,False,False,False
dayride_type1_001.mp4#t=153.jpg,dayride_type1_001.mp4,153,valid,1,34,255,131.83080403645835,60.35531935766599,False,False,False
dayride_type1_001.mp4#t=154.jpg,dayride_type1_001.mp4,154,train,1,48,255,137.1576218894676,56.99471223824743,False,False,False
dayride_type1_001.mp4#t=156.jpg,dayride_type1_001.mp4,156,train,1,47,255,132.26074869791665,56.94612926529252,False,False,False
dayride_type1_001.mp4#t=163.jpg,dayride_type1_001.mp4,163,valid,1,29,255,119.21555374710648,56.3580917037249,False,False,False
dayride_type1_001.mp4#t=164.jpg,dayride_type1_001.mp4,164,train,1,38,255,129.97020616319443,55.544573748895594,False,False,False
dayride_type1_001.mp4#t=165.jpg,dayride_type1_001.mp4,165,train,1,23,255,131.49441731770833,57.400198714281316,False,False,False
dayride_type1_001.mp4#t=171.jpg,dayride_type1_001.mp4,171,train,1,18,255,135.28254701967592,52.88818793014828,False,False,False
dayride_type1_001.mp4#t=172.jpg,dayride_type1_001.mp4,172,valid,1,11,255,133.5116138599537,54.417043176415405,False,False,False
dayride_type1_001.mp4#t=186.jpg,dayride_type1_001.mp4,186,train,1,0,255,126.10968786168982,47.08460460469805,False,False,False
dayride_type1_001.mp4#t=189.jpg,dayride_type1_001.mp4,189,train,1,0,255,107.83175672743056,51.36673823165583,False,False,False
dayride_type1_001.mp4#t=191.jpg,dayride_type1_001.mp4,191,train,1,24,255,121.80989113136575,53.15947235081898,False,False,False
dayride_type1_001.mp4#t=199.jpg,dayride_type1_001.mp4,199,train,1,0,255,117.50940972222222,55.467077228287366,False,False,False
dayride_type1_001.mp4#t=200.jpg,dayride_type1_001.mp4,200,train,1,4,255,139.15876953125,58.40817883674596,False,False,False
dayride_type1_001.mp4#t=201.jpg,dayride_type1_001.mp4,201,valid,1,0,255,124.13940827546297,51.39198010960664,False,False,False
dayride_type1_001.mp4#t=203.jpg,dayride_type1_001.mp4,203,valid,1,20,255,124.13438693576389,44.41857066065022,False,False,False
dayride_type1_001.mp4#t=243.jpg,dayride_type1_001.mp4,243,train,1,15,255,131.7759031394676,53.373297812798214,False,False,False
dayride_type1_001.mp4#t=245.jpg,dayride_type1_001.mp4,245,train,1,38,255,132.41038013599538,55.499245978819175,False,False,False
dayride_type1_001.mp4#t=259.jpg,dayride_type1_001.mp4,259,train,1,21,255,114.12547887731482,49.255976788700345,False,False,False
dayride_type1_001.mp4#t=267.jpg,dayride_type1_001.mp4,267,train,1,34,255,121.57851707175926,49.29649849521654,False,False,False
dayride_type1_001.mp4#t=270.jpg,dayride_type1_001.mp4,270,train,1,30,255,119.50007450810185,47.83581597579036,False,False,False
dayride_type1_001.mp4#t=272.jpg,dayride_type1_001.mp4,272,train,1,35,255,125.66734989872685,50.7256472835306,False,False,False
dayride_type1_001.mp4#t=274.jpg,dayride_type1_001.mp4,274,train,1,8,255,106.24298936631945,48.55589261846913,False,False,False
dayride_type1_001.mp4#t=276.jpg,dayride_type1_001.mp4,276,train,1,0,255,105.9286281105324,46.12292800309059,False,False,False
dayride_type1_001.mp4#t=279.jpg,dayride_type1_001.mp4,279,train,1,0,255,118.61751772280093,50.19987462952255,False,False,False
dayride_type1_001.mp4#t=280.jpg,dayride_type1_001.mp4,280,train,2,0,255,114.36256691261575,50.77958227625668,False,False,False
dayride_type1_001.mp4#t=281.jpg,dayride_type1_001.mp4,281,train,1,18,255,130.54615379050927,50.38165264471818,False,False,False
dayride_type1_001.mp4#t=282.jpg,dayride_type1_001.mp4,282,valid,1,18,255,134.86236328125,48.294527600154424,False,False,False
dayride_type1_001.mp4#t=288.jpg,dayride_type1_001.mp4,288,train,1,22,255,126.23778935185184,44.19271164296671,False,False,False
dayride_type1_001.mp4#t=292.jpg,dayride_type1_001.mp4,292,train,1,36,255,135.7894191261574,47.64753263039982,False,False,False
dayride_type1_001.mp4#t=293.jpg,dayride_type1_001.mp4,293,valid,1,33,255,133.6447605613426,51.28956442679668,False,False,False
dayride_type1_001.mp4#t=294.jpg,dayride_type1_001.mp4,294,train,1,36,255,143.1935203269676,63.01330230173052,False,False,False
dayride_type1_001.mp4#t=296.jpg,dayride_type1_001.mp4,296,train,1,37,255,136.89311125578703,55.08456461106061,False,False,False
dayride_type1_001.mp4#t=298.jpg,dayride_type1_001.mp4,298,train,1,28,255,137.44601671006944,57.10349635293076,False,False,False
dayride_type1_001.mp4#t=299.jpg,dayride_type1_001.mp4,299,train,2,7,255,116.9466525607639,50.80745981206675,False,False,False
dayride_type1_001.mp4#t=301.jpg,dayride_type1_001.mp4,301,train,1,24,255,123.25657913773148,51.200995574474696,False,False,False
dayride_type1_001.mp4#t=307.jpg,dayride_type1_001.mp4,307,train,1,27,255,130.69881980613425,52.19490365033535,False,False,False
dayride_type1_001.mp4#t=339.jpg,dayride_type1_001.mp4,339,train,2,30,255,117.79283709490741,50.90258726189038,False,False,False
dayride_type1_001.mp4#t=340.jpg,dayride_type1_001.mp4,340,train,2,32,255,117.10561125578704,50.49047347427205,False,False,False
dayride_type1_001.mp4#t=341.jpg,dayride_type1_001.mp4,341,train,2,14,255,107.31279947916667,47.29111269198004,False,False,False
dayride_type1_001.mp4#t=342.jpg,dayride_type1_001.mp4,342,train,1,11,255,110.67264250578704,47.08797285375614,False,False,False
dayride_type1_001.mp4#t=343.jpg,dayride_type1_001.mp4,343,train,1,22,255,109.98183557581018,49.42935457097447,False,False,False
dayride_type1_001.mp4#t=344.jpg,dayride_type1_001.mp4,344,train,1,18,255,103.78049985532408,49.07890088084126,False,False,False
dayride_type1_001.mp4#t=345.jpg,dayride_type1_001.mp4,345,train,1,18,255,109.09686234085648,50.573632728870464,False,False,False
dayride_type1_001.mp4#t=362.jpg,dayride_type1_001.mp4,362,train,1,31,255,129.01710575810185,51.00106129680033,False,False,False
dayride_type1_001.mp4#t=363.jpg,dayride_type1_001.mp4,363,train,1,17,255,130.64485785590279,52.628409677722665,False,False,False
dayride_type1_001.mp4#t=374.jpg,dayride_type1_001.mp4,374,train,1,23,255,120.87904477719907,44.32580281566976,False,False,False
dayride_type1_001.mp4#t=384.jpg,dayride_type1_001.mp4,384,train,1,6,255,109.81330946180556,46.691548579040735,False,False,False
dayride_type1_001.mp4#t=409.jpg,dayride_type1_001.mp4,409,train,1,21,255,121.58133029513888,52.76941299269626,False,False,False
dayride_type1_001.mp4#t=411.jpg,dayride_type1_001.mp4,411,train,1,9,255,109.41983362268519,50.714342937407885,False,False,False
dayride_type1_001.mp4#t=413.jpg,dayride_type1_001.mp4,413,valid,2,10,255,107.53170283564815,47.927507481335795,False,False,False
dayride_type1_001.mp4#t=414.jpg,dayride_type1_001.mp4,414,train,1,0,255,103.25198061342593,47.158308142819784,False,False,False
dayride_type1_001.mp4#t=418.jpg,dayride_type1_001.mp4,418,train,1,0,255,100.60733434606482,42.982890239319914,False,False,False
dayride_type1_001.mp4#t=421.jpg,dayride_type1_001.mp4,421,train,2,17,255,105.75266276041667,49.53866301357978,False,False,False
dayride_type1_001.mp4#t=423.jpg,dayride_type1_001.mp4,423,train,2,24,255,106.04654043692129,47.53884949722237,False,False,False
dayride_type1_001.mp4#t=428.jpg,dayride_type1_001.mp4,428,train,1,0,255,54.34353407118056,44.87710945965246,False,False,False
dayride_type1_001.mp4#t=429.jpg,dayride_type1_001.mp4,429,train,1,0,255,59.58086118344907,48.43983262853126,False,False,False
dayride_type1_001.mp4#t=430.jpg,dayride_type1_001.mp4,430,train,1,0,255,64.13809389467593,50.192326082888165,False,False,False
dayride_type1_001.mp4#t=431.jpg,dayride_type1_001.mp4,431,train,2,0,255,68.07491355613426,52.760162541991576,False,False,False
dayride_type1_001.mp4#t=432.jpg,dayride_type1_001.mp4,432,train,2,0,255,96.94401511863425,52.949347626643664,False,False,False
dayride_type1_001.mp4#t=434.jpg,dayride_type1_001.mp4,434,train,1,0,255,91.96399848090277,63.16616135300666,False,False,False
dayride_type1_001.mp4#t=436.jpg,dayride_type1_001.mp4,436,train,1,1,255,116.20698820891204,55.45660071557838,False,False,False
dayride_type1_001.mp4#t=438.jpg,dayride_type1_001.mp4,438,train,1,0,255,99.91219328703704,51.777301097148445,False,False,False
dayride_type1_001.mp4#t=444.jpg,dayride_type1_001.mp4,444,train,1,24,255,104.72607928240741,44.10257242524303,False,False,False
dayride_type1_001.mp4#t=445.jpg,dayride_type1_001.mp4,445,train,1,30,255,110.05236364293981,44.99764062766426,False,False,False
dayride_type1_001.mp4#t=446.jpg,dayride_type1_001.mp4,446,train,2,23,255,109.10488715277778,44.40268630289379,False,False,False
dayride_type1_001.mp4#t=450.jpg,dayride_type1_001.mp4,450,train,1,0,255,92.24116030092593,43.844337444083315,False,False,False
dayride_type1_001.mp4#t=451.jpg,dayride_type1_001.mp4,451,train,2,15,255,109.45489402488425,44.001143240943605,False,False,False
dayride_type1_001.mp4#t=452.jpg,dayride_type1_001.mp4,452,train,2,20,255,106.33140769675926,43.039535630299994,False,False,False
dayride_type1_001.mp4#t=453.jpg,dayride_type1_001.mp4,453,train,2,15,255,103.12321795428241,40.868609372589184,False,False,False
dayride_type1_001.mp4#t=462.jpg,dayride_type1_001.mp4,462,train,1,7,255,98.13758572048611,40.594198418516115,False,False,False
dayride_type1_001.mp4#t=464.jpg,dayride_type1_001.mp4,464,train,1,5,255,89.93440140335647,46.23120884676815,False,False,False
dayride_type1_001.mp4#t=465.jpg,dayride_type1_001.mp4,465,valid,1,0,255,74.73269892939815,46.80241977144864,False,False,False
dayride_type1_001.mp4#t=466.jpg,dayride_type1_001.mp4,466,train,1,0,255,96.12158203125,48.04886885805787,False,False,False
dayride_type1_001.mp4#t=467.jpg,dayride_type1_001.mp4,467,valid,1,12,255,113.12930374710648,46.45680856304404,False,False,False
dayride_type1_001.mp4#t=471.jpg,dayride_type1_001.mp4,471,train,1,0,255,101.08703378182871,38.96966555685714,False,False,False
dayride_type1_001.mp4#t=472.jpg,dayride_type1_001.mp4,472,train,1,0,255,100.9471314380787,39.39009526171626,False,False,False
dayride_type1_001.mp4#t=474.jpg,dayride_type1_001.mp4,474,train,1,23,255,109.36224537037037,37.989925699474576,False,False,False
dayride_type1_001.mp4#t=482.jpg,dayride_type1_001.mp4,482,train,1,12,255,100.19986436631945,44.49558039000903,False,False,False
dayride_type1_001.mp4#t=484.jpg,dayride_type1_001.mp4,484,train,1,0,255,57.344261791087966,43.38345509380838,False,False,False
dayride_type1_001.mp4#t=485.jpg,dayride_type1_001.mp4,485,valid,1,0,255,107.38166413483796,53.33369729647171,False,False,False
dayride_type1_001.mp4#t=488.jpg,dayride_type1_001.mp4,488,train,2,12,255,119.60328269675927,53.96436298291811,False,False,False
dayride_type1_001.mp4#t=490.jpg,dayride_type1_001.mp4,490,train,1,11,255,100.08330692997686,40.85509854827016,False,False,False
dayride_type1_001.mp4#t=491.jpg,dayride_type1_001.mp4,491,valid,2,0,255,69.74018952546297,42.513496401333114,False,False,False
dayride_type1_001.mp4#t=493.jpg,dayride_type1_001.mp4,493,train,1,0,255,104.07661928530092,38.76040333299726,False,False,False
dayride_type1_001.mp4#t=498.jpg,dayride_type1_001.mp4,498,train,1,16,255,109.39729202835647,39.435928555762445,False,False,False
dayride_type1_001.mp4#t=503.jpg,dayride_type1_001.mp4,503,train,1,12,255,114.76067165798611,42.26337158380141,False,False,False
dayride_type1_001.mp4#t=509.jpg,dayride_type1_001.mp4,509,train,1,27,255,118.68567201967592,45.59690627327619,False,False,False
dayride_type1_001.mp4#t=511.jpg,dayride_type1_001.mp4,511,train,2,0,255,122.48234519675925,42.49490032820394,False,False,False
dayride_type1_001.mp4#t=513.jpg,dayride_type1_001.mp4,513,train,1,27,255,116.63021809895834,41.51041926307188,False,False,False
dayride_type1_001.mp4#t=515.jpg,dayride_type1_001.mp4,515,valid,2,20,255,108.16855938946759,44.37881550156472,False,False,False
dayride_type1_001.mp4#t=517.jpg,dayride_type1_001.mp4,517,valid,2,0,255,76.59622432002315,45.6950288388693,False,False,False
dayride_type1_001.mp4#t=519.jpg,dayride_type1_001.mp4,519,train,3,0,255,79.73702256944445,55.92047969504165,False,False,False
dayride_type1_001.mp4#t=520.jpg,dayride_type1_001.mp4,520,train,2,0,255,91.1368995949074,59.61926887608738,False,False,False
dayride_type1_001.mp4#t=521.jpg,dayride_type1_001.mp4,521,train,2,0,255,101.94281611689814,61.052589493418644,False,False,False
dayride_type1_001.mp4#t=522.jpg,dayride_type1_001.mp4,522,valid,2,0,255,111.54507884837963,45.80249258166771,False,False,False
dayride_type1_001.mp4#t=525.jpg,dayride_type1_001.mp4,525,train,1,0,255,100.55483832465278,42.24919676522573,False,False,False
dayride_type1_001.mp4#t=528.jpg,dayride_type1_001.mp4,528,train,1,13,255,106.5706492332176,41.35409656626539,False,False,False
dayride_type1_001.mp4#t=530.jpg,dayride_type1_001.mp4,530,train,1,6,255,114.01426613136574,41.24578976962343,False,False,False
dayride_type1_001.mp4#t=532.jpg,dayride_type1_001.mp4,532,train,1,6,255,99.45525571469908,40.167613505695286,False,False,False
dayride_type1_001.mp4#t=533.jpg,dayride_type1_001.mp4,533,train,1,0,255,101.16072120949075,41.025876411133694,False,False,False
dayride_type1_001.mp4#t=535.jpg,dayride_type1_001.mp4,535,train,1,0,255,101.70782190393518,41.24162811563098,False,False,False
dayride_type1_001.mp4#t=536.jpg,dayride_type1_001.mp4,536,train,1,15,255,96.49434534143519,42.19609043880695,False,False,False
dayride_type1_001.mp4#t=539.jpg,dayride_type1_001.mp4,539,train,1,7,255,97.39368923611111,42.545989220429,False,False,False
dayride_type1_001.mp4#t=540.jpg,dayride_type1_001.mp4,540,train,1,7,255,99.9000636574074,44.09196155678885,False,False,False
dayride_type1_001.mp4#t=553.jpg,dayride_type1_001.mp4,553,train,1,0,255,95.80893446180555,41.75294704899388,False,False,False
dayride_type1_001.mp4#t=555.jpg,dayride_type1_001.mp4,555,valid,2,0,255,90.66261791087963,45.65092955321357,False,False,False
dayride_type1_001.mp4#t=557.jpg,dayride_type1_001.mp4,557,train,2,0,255,91.53090928819445,44.63724869244498,False,False,False
dayride_type1_001.mp4#t=558.jpg,dayride_type1_001.mp4,558,train,2,0,0,0.0,0.0,True,True,True
dayride_type1_001.mp4#t=561.jpg,dayride_type1_001.mp4,561,train,2,13,255,95.3069361255787,40.01595129981935,False,False,False
dayride_type1_001.mp4#t=564.jpg,dayride_type1_001.mp4,564,train,1,0,255,96.72763093171297,41.239873167546996,False,False,False
dayride_type1_001.mp4#t=570.jpg,dayride_type1_001.mp4,570,train,1,0,255,106.69714771412038,45.30323109984022,False,False,False
dayride_type1_001.mp4#t=580.jpg,dayride_type1_001.mp4,580,train,1,24,255,107.32099645543981,43.43811289508474,False,False,False
dayride_type1_001.mp4#t=581.jpg,dayride_type1_001.mp4,581,valid,1,29,255,111.25132993344907,44.263641007303775,False,False,False
dayride_type1_001.mp4#t=582.jpg,dayride_type1_001.mp4,582,train,1,19,255,104.48609013310185,43.64244500510603,False,False,False
dayride_type1_001.mp4#t=585.jpg,dayride_type1_001.mp4,585,train,1,0,255,83.34514250578704,44.89604461378752,False,False,False
dayride_type1_001.mp4#t=586.jpg,dayride_type1_001.mp4,586,train,1,12,255,99.89975043402778,44.035215152748236,False,False,False
dayride_type1_001.mp4#t=587.jpg,dayride_type1_001.mp4,587,train,1,0,255,102.56034649884259,43.95374770146205,False,False,False
dayride_type1_001.mp4#t=588.jpg,dayride_type1_001.mp4,588,train,1,3,255,90.76001663773148,40.698130472162006,False,False,False
dayride_type1_001.mp4#t=589.jpg,dayride_type1_001.mp4,589,valid,1,10,255,91.82600224247685,39.92043182084128,False,False,False
dayride_type1_001.mp4#t=593.jpg,dayride_type1_001.mp4,593,train,2,0,255,56.72402596932871,44.81948941771687,False,False,False
dayride_type1_001.mp4#t=594.jpg,dayride_type1_001.mp4,594,valid,1,0,255,39.62036422164352,43.01594424580359,False,False,False
dayride_type1_001.mp4#t=595.jpg,dayride_type1_001.mp4,595,valid,1,0,255,46.06680700231482,48.53786851129313,False,False,False
dayride_type1_001.mp4#t=596.jpg,dayride_type1_001.mp4,596,valid,1,0,255,58.077027271412035,54.51183543843637,False,False,False
dayride_type1_001.mp4#t=597.jpg,dayride_type1_001.mp4,597,train,1,6,255,113.54366753472222,49.6255214207085,False,False,False
dayride_type1_001.mp4#t=598.jpg,dayride_type1_001.mp4,598,train,1,1,255,113.4536888744213,49.58545085594683,False,False,False
dayride_type1_001.mp4#t=599.jpg,dayride_type1_001.mp4,599,train,1,1,255,115.69578703703704,49.447588951759286,False,False,False
dayride_type1_001.mp4#t=600.jpg,dayride_type1_001.mp4,600,train,1,6,255,116.31967339409722,49.75865532080705,False,False,False
dayride_type1_001.mp4#t=603.jpg,dayride_type1_001.mp4,603,train,1,3,255,114.11325882523148,49.75698730695452,False,False,False
dayride_type1_001.mp4#t=604.jpg,dayride_type1_001.mp4,604,valid,1,0,255,114.2121701388889,50.082015580579565,False,False,False
dayride_type1_001.mp4#t=607.jpg,dayride_type1_001.mp4,607,valid,1,0,255,117.46034939236111,51.16951768058601,False,False,False
dayride_type1_001.mp4#t=612.jpg,dayride_type1_001.mp4,612,train,1,0,255,102.23365017361111,46.42304410280674,False,False,False
dayride_type1_001.mp4#t=613.jpg,dayride_type1_001.mp4,613,train,1,0,255,80.3262160011574,42.468291363604074,False,False,False
dayride_type1_001.mp4#t=614.jpg,dayride_type1_001.mp4,614,train,1,0,255,102.35519350405093,52.391280683335786,False,False,False
dayride_type1_001.mp4#t=615.jpg,dayride_type1_001.mp4,615,train,1,0,255,78.29508029513889,42.77625750484231,False,False,False
dayride_type1_001.mp4#t=616.jpg,dayride_type1_001.mp4,616,valid,1,0,255,77.97242296006945,44.02747184486376,False,False,False
dayride_type1_001.mp4#t=617.jpg,dayride_type1_001.mp4,617,train,1,0,255,84.41625904224537,43.9844222695098,False,False,False
dayride_type1_001.mp4#t=618.jpg,dayride_type1_001.mp4,618,train,1,0,255,82.5529369212963,44.88777185838447,False,False,False
dayride_type1_001.mp4#t=619.jpg,dayride_type1_001.mp4,619,train,1,1,255,100.32493561921297,48.82001700345064,False,False,False
dayride_type1_001.mp4#t=621.jpg,dayride_type1_001.mp4,621,train,1,0,255,96.36071903935185,43.24978895297867,False,False,False
dayride_type1_001.mp4#t=624.jpg,dayride_type1_001.mp4,624,train,1,17,255,107.72162615740741,43.46875124031802,False,False,False
dayride_type1_001.mp4#t=635.jpg,dayride_type1_001.mp4,635,train,1,15,255,96.74038519965278,41.93349372970727,False,False,False
dayride_type1_001.mp4#t=671.jpg,dayride_type1_001.mp4,671,train,1,0,255,72.09619719328704,38.85978601389366,False,False,False
dayride_type1_001.mp4#t=674.jpg,dayride_type1_001.mp4,674,train,1,6,255,89.70984664351852,50.35739639178721,False,False,False
dayride_type1_001.mp4#t=675.jpg,dayride_type1_001.mp4,675,train,1,10,255,71.08228334780092,33.89765468469094,False,False,False
dayride_type1_001.mp4#t=676.jpg,dayride_type1_001.mp4,676,valid,1,7,255,74.25776041666667,38.261157971331485,False,False,False
dayride_type1_001.mp4#t=684.jpg,dayride_type1_001.mp4,684,valid,1,0,255,73.87678566261575,47.30023867045535,False,False,False
dayride_type1_001.mp4#t=685.jpg,dayride_type1_001.mp4,685,train,1,0,255,54.92793836805556,40.95868549360755,False,False,False
dayride_type1_001.mp4#t=693.jpg,dayride_type1_001.mp4,693,train,1,0,255,88.29992368344908,41.07845967641115,False,False,False
dayride_type1_001.mp4#t=695.jpg,dayride_type1_001.mp4,695,valid,1,0,255,89.6439623119213,36.99477158571377,False,False,False
dayride_type1_001.mp4#t=696.jpg,dayride_type1_001.mp4,696,train,1,0,255,77.76705041956019,38.57617118084525,False,False,False
dayride_type1_001.mp4#t=697.jpg,dayride_type1_001.mp4,697,train,1,0,255,65.05748625578704,41.1152750855364,False,False,False
dayride_type1_001.mp4#t=698.jpg,dayride_type1_001.mp4,698,train,1,0,255,73.14783781828703,41.71951662353297,False,False,False
dayride_type1_001.mp4#t=734.jpg,dayride_type1_001.mp4,734,train,1,2,255,83.69919632523148,48.52811873936476,False,False,False
dayride_type1_001.mp4#t=735.jpg,dayride_type1_001.mp4,735,train,1,6,255,89.62660843460648,49.782127925727984,False,False,False
dayride_type1_001.mp4#t=748.jpg,dayride_type1_001.mp4,748,train,1,0,255,71.89183810763889,46.2534028270633,False,False,False
dayride_type1_001.mp4#t=749.jpg,dayride_type1_001.mp4,749,train,1,0,255,55.49517903645833,52.4600675739743,False,False,False
dayride_type1_001.mp4#t=750.jpg,dayride_type1_001.mp4,750,train,1,0,255,57.25233109085648,60.583146114463965,False,False,False
dayride_type1_001.mp4#t=751.jpg,dayride_type1_001.mp4,751,valid,1,0,255,74.80085901331019,70.08499462066008,False,False,False
dayride_type1_001.mp4#t=752.jpg,dayride_type1_001.mp4,752,train,1,0,255,84.46944625289352,74.84644260063196,False,False,False
dayride_type1_001.mp4#t=753.jpg,dayride_type1_001.mp4,753,train,1,0,255,93.19987666377315,78.83850283694518,False,False,False
dayride_type1_001.mp4#t=754.jpg,dayride_type1_001.mp4,754,train,1,0,255,96.82654911747686,81.54099260435943,False,False,False
dayride_type1_001.mp4#t=755.jpg,dayride_type1_001.mp4,755,train,1,0,255,97.97425564236111,82.81393383971866,False,False,False
dayride_type1_001.mp4#t=758.jpg,dayride_type1_001.mp4,758,train,1,0,255,101.1233865017361,82.82556702255997,False,False,False
dayride_type1_001.mp4#t=769.jpg,dayride_type1_001.mp4,769,train,1,0,255,98.6795066550926,47.78456556139095,False,False,False
dayride_type1_001.mp4#t=770.jpg,dayride_type1_001.mp4,770,train,1,0,255,92.19528428819444,43.70734247150911,False,False,False
dayride_type1_001.mp4#t=771.jpg,dayride_type1_001.mp4,771,valid,1,0,255,79.73370949074074,71.77378167896752,False,False,False
dayride_type1_001.mp4#t=772.jpg,dayride_type1_001.mp4,772,valid,1,0,255,78.95182834201388,41.47367527085428,False,False,False
dayride_type1_001.mp4#t=773.jpg,dayride_type1_001.mp4,773,valid,1,0,255,75.52066731770833,40.41131666985881,False,False,False
dayride_type1_001.mp4#t=775.jpg,dayride_type1_001.mp4,775,train,1,0,255,82.91153139467593,42.53218538391328,False,False,False
dayride_type1_001.mp4#t=776.jpg,dayride_type1_001.mp4,776,train,1,0,255,71.61218062789352,41.444987297319955,False,False,False
dayride_type1_001.mp4#t=777.jpg,dayride_type1_001.mp4,777,valid,1,0,255,72.06496961805556,39.938527650615285,False,False,False
dayride_type1_001.mp4#t=778.jpg,dayride_type1_001.mp4,778,train,1,0,255,83.99220449942129,44.76164610485889,False,False,False
dayride_type1_001.mp4#t=779.jpg,dayride_type1_001.mp4,779,valid,1,8,255,77.68152488425926,30.93960934571148,False,False,False
dayride_type1_001.mp4#t=780.jpg,dayride_type1_001.mp4,780,train,1,7,255,77.65740234375,32.123782091049,False,False,False
dayride_type1_001.mp4#t=781.jpg,dayride_type1_001.mp4,781,train,2,0,255,74.89561559606481,35.56687097058319,False,False,False
dayride_type1_001.mp4#t=782.jpg,dayride_type1_001.mp4,782,train,1,0,255,76.46589626736112,37.41692233792262,False,False,False
dayride_type1_001.mp4#t=783.jpg,dayride_type1_001.mp4,783,train,1,0,255,74.08472837094908,43.85952953974182,False,False,False
dayride_type1_001.mp4#t=784.jpg,dayride_type1_001.mp4,784,valid,1,0,255,76.78953956886573,40.83375000705895,False,False,False
dayride_type1_001.mp4#t=785.jpg,dayride_type1_001.mp4,785,train,1,5,255,73.33412326388888,41.78101210437928,False,False,False
dayride_type1_001.mp4#t=786.jpg,dayride_type1_001.mp4,786,train,1,0,255,63.19350188078704,29.607651216892563,False,False,False
dayride_type1_001.mp4#t=787.jpg,dayride_type1_001.mp4,787,train,1,0,255,62.50126519097222,38.485368865897584,False,False,False
dayride_type1_001.mp4#t=788.jpg,dayride_type1_001.mp4,788,valid,1,0,255,54.5557103587963,34.837325978590286,False,False,False
dayride_type1_001.mp4#t=789.jpg,dayride_type1_001.mp4,789,train,2,0,255,50.805412688078704,30.242872089309422,False,False,False
dayride_type1_001.mp4#t=790.jpg,dayride_type1_001.mp4,790,train,1,0,255,51.66775137442129,28.422138676929166,False,False,False
dayride_type1_001.mp4#t=791.jpg,dayride_type1_001.mp4,791,train,1,0,255,52.12393627025463,27.555541023857007,False,False,False
dayride_type1_001.mp4#t=792.jpg,dayride_type1_001.mp4,792,valid,1,0,255,58.40609375,29.613934503901977,False,False,False
dayride_type1_001.mp4#t=793.jpg,dayride_type1_001.mp4,793,valid,1,3,255,67.1535130931713,34.22531612430117,False,False,False
dayride_type1_001.mp4#t=807.jpg,dayride_type1_001.mp4,807,train,1,1,255,70.44946252893519,34.35500208813256,False,False,False
dayride_type1_001.mp4#t=808.jpg,dayride_type1_001.mp4,808,valid,1,0,255,71.73585286458334,39.07814381029055,False,False,False
dayride_type1_001.mp4#t=809.jpg,dayride_type1_001.mp4,809,train,1,0,0,0.0,0.0,True,True,True
dayride_type1_001.mp4#t=815.jpg,dayride_type1_001.mp4,815,train,1,0,255,74.28652054398148,36.70275323554504,False,False,False
dayride_type1_001.mp4#t=816.jpg,dayride_type1_001.mp4,816,valid,1,0,255,75.66024992766204,35.274730866004035,False,False,False
dayride_type1_001.mp4#t=820.jpg,dayride_type1_001.mp4,820,train,1,0,255,62.28677517361111,49.64070942417339,False,False,False
dayride_type1_001.mp4#t=821.jpg,dayride_type1_001.mp4,821,train,1,0,255,46.37811197916667,52.363841611904995,False,False,False
dayride_type1_001.mp4#t=822.jpg,dayride_type1_001.mp4,822,train,1,0,255,51.79916341145833,54.95523414238582,False,False,False
dayride_type1_001.mp4#t=823.jpg,dayride_type1_001.mp4,823,train,1,0,255,53.905785228587966,55.20306558157841,False,False,False
dayride_type1_001.mp4#t=824.jpg,dayride_type1_001.mp4,824,valid,1,0,255,56.47057002314815,56.45702231508043,False,False,False
dayride_type1_001.mp4#t=830.jpg,dayride_type1_001.mp4,830,train,1,0,255,56.706154152199076,55.34281206492606,False,False,False
dayride_type1_001.mp4#t=833.jpg,dayride_type1_001.mp4,833,train,2,0,255,102.50281322337963,49.40129776158782,False,False,False
dayride_type1_001.mp4#t=834.jpg,dayride_type1_001.mp4,834,train,1,1,255,87.04658962673611,47.25126794019258,False,False,False
dayride_type1_001.mp4#t=835.jpg,dayride_type1_001.mp4,835,train,1,0,255,72.1402000144676,40.262117381649766,False,False,False
dayride_type1_001.mp4#t=888.jpg,dayride_type1_001.mp4,888,train,1,0,255,83.30488534432871,63.86575763368153,False,False,False
dayride_type1_001.mp4#t=889.jpg,dayride_type1_001.mp4,889,train,2,0,255,78.60209056712964,64.24423691636733,False,False,False
dayride_type1_001.mp4#t=890.jpg,dayride_type1_001.mp4,890,train,2,0,255,86.62066912615741,67.95528119966919,False,False,False
dayride_type1_001.mp4#t=891.jpg,dayride_type1_001.mp4,891,valid,1,0,255,90.25517795138889,68.52995241387072,False,False,False
dayride_type1_001.mp4#t=892.jpg,dayride_type1_001.mp4,892,train,1,0,255,90.51215603298611,68.66987344986816,False,False,False
dayride_type1_001.mp4#t=893.jpg,dayride_type1_001.mp4,893,train,1,0,255,89.95360206886573,68.66771720344865,False,False,False
dayride_type1_001.mp4#t=894.jpg,dayride_type1_001.mp4,894,train,1,0,255,75.96289134837963,67.41648156543957,False,False,False
dayride_type1_001.mp4#t=895.jpg,dayride_type1_001.mp4,895,train,1,0,255,74.98878002025462,66.71629045835442,False,False,False
dayride_type1_001.mp4#t=896.jpg,dayride_type1_001.mp4,896,train,1,8,255,114.56172634548611,58.01635987180633,False,False,False
dayride_type1_001.mp4#t=897.jpg,dayride_type1_001.mp4,897,train,1,0,255,93.10826208043981,47.80140742054587,False,False,False
dayride_type1_001.mp4#t=898.jpg,dayride_type1_001.mp4,898,train,2,0,255,85.90070746527778,39.66863060202319,False,False,False
dayride_type1_001.mp4#t=899.jpg,dayride_type1_001.mp4,899,train,1,7,255,70.83230613425926,41.064949721588675,False,False,False
dayride_type1_001.mp4#t=900.jpg,dayride_type1_001.mp4,900,train,1,5,255,62.990901692708334,37.23163518585487,False,False,False
dayride_type1_001.mp4#t=903.jpg,dayride_type1_001.mp4,903,valid,1,0,255,58.62093424479167,36.136927289712965,False,False,False
dayride_type1_001.mp4#t=905.jpg,dayride_type1_001.mp4,905,train,2,0,255,79.22524848090278,59.14360621883004,False,False,False
dayride_type1_001.mp4#t=906.jpg,dayride_type1_001.mp4,906,train,2,0,255,58.789876302083336,39.08541721559321,False,False,False
dayride_type1_001.mp4#t=907.jpg,dayride_type1_001.mp4,907,train,1,0,255,72.32415907118056,37.936089387286074,False,False,False
dayride_type1_001.mp4#t=908.jpg,dayride_type1_001.mp4,908,train,1,0,255,61.557248987268515,41.44676739018715,False,False,False
dayride_type1_001.mp4#t=909.jpg,dayride_type1_001.mp4,909,train,1,0,255,53.56107096354167,36.8049234200934,False,False,False
dayride_type1_001.mp4#t=910.jpg,dayride_type1_001.mp4,910,train,2,0,255,56.88746708622685,31.449825609375008,False,False,False
dayride_type1_001.mp4#t=912.jpg,dayride_type1_001.mp4,912,valid,1,0,255,40.50435691550926,29.193451450774408,False,False,False
dayride_type1_001.mp4#t=913.jpg,dayride_type1_001.mp4,913,valid,1,0,255,44.694860749421295,29.747306623724462,False,False,False
dayride_type1_001.mp4#t=914.jpg,dayride_type1_001.mp4,914,train,1,0,255,60.8807689525463,35.76341748687372,False,False,False
dayride_type1_001.mp4#t=915.jpg,dayride_type1_001.mp4,915,train,1,0,255,49.69502531828704,31.292786572247692,False,False,False
dayride_type1_001.mp4#t=916.jpg,dayride_type1_001.mp4,916,train,1,0,255,49.602837818287036,30.631340356842713,False,False,False
dayride_type1_001.mp4#t=920.jpg,dayride_type1_001.mp4,920,train,1,0,255,68.30196940104166,39.47430719541259,False,False,False
dayride_type1_001.mp4#t=935.jpg,dayride_type1_001.mp4,935,train,1,0,255,52.146478949652774,33.906316816064134,False,False,False
dayride_type1_001.mp4#t=936.jpg,dayride_type1_001.mp4,936,train,1,0,255,56.52719437210648,33.67434645660971,False,False,False
dayride_type1_001.mp4#t=942.jpg,dayride_type1_001.mp4,942,train,1,0,255,40.552751012731484,27.530797191670576,False,False,False
dayride_type1_001.mp4#t=1054.jpg,dayride_type1_001.mp4,1054,train,1,0,255,71.47382197627314,58.32229382553625,False,False,False
dayride_type1_001.mp4#t=1055.jpg,dayride_type1_001.mp4,1055,valid,2,0,255,59.54209635416667,55.90154389755942,False,False,False
dayride_type1_001.mp4#t=1056.jpg,dayride_type1_001.mp4,1056,train,1,0,255,65.23875144675925,57.08847819402267,False,False,False
dayride_type1_001.mp4#t=1057.jpg,dayride_type1_001.mp4,1057,train,1,0,255,77.732998046875,57.01471670006053,False,False,False
dayride_type1_001.mp4#t=1058.jpg,dayride_type1_001.mp4,1058,valid,1,0,255,83.612109375,59.20004772402966,False,False,False
dayride_type1_001.mp4#t=1059.jpg,dayride_type1_001.mp4,1059,train,1,0,255,87.92836480034723,60.321515809138745,False,False,False
dayride_type1_001.mp4#t=1060.jpg,dayride_type1_001.mp4,1060,train,1,0,255,82.8992505787037,59.22215272291513,False,False,False
dayride_type1_001.mp4#t=1062.jpg,dayride_type1_001.mp4,1062,train,1,0,255,82.93709020543982,59.173712128539734,False,False,False
dayride_type1_001.mp4#t=1063.jpg,dayride_type1_001.mp4,1063,train,1,0,255,82.85169234664352,59.39951053174712,False,False,False
dayride_type1_001.mp4#t=1071.jpg,dayride_type1_001.mp4,1071,train,1,0,255,98.30303891782407,49.34311273743424,False,False,False
dayride_type1_001.mp4#t=1072.jpg,dayride_type1_001.mp4,1072,train,1,0,255,95.53879810474537,51.96145260870858,False,False,False
dayride_type1_001.mp4#t=1073.jpg,dayride_type1_001.mp4,1073,train,1,0,255,90.01887839988426,49.25850665645905,False,False,False
dayride_type1_001.mp4#t=1074.jpg,dayride_type1_001.mp4,1074,valid,1,0,255,73.79523256655092,44.46819361036511,False,False,False
dayride_type1_001.mp4#t=1075.jpg,dayride_type1_001.mp4,1075,train,1,0,255,70.85604890046297,43.97101733324492,False,False,False
dayride_type1_001.mp4#t=1077.jpg,dayride_type1_001.mp4,1077,train,2,0,255,60.57774233217592,40.385939529202595,False,False,False
dayride_type1_001.mp4#t=1078.jpg,dayride_type1_001.mp4,1078,train,1,0,255,63.124875940393515,42.20223204155726,False,False,False
dayride_type1_001.mp4#t=1082.jpg,dayride_type1_001.mp4,1082,train,1,0,255,43.72972113715278,44.50290555256411,False,False,False
dayride_type1_001.mp4#t=1083.jpg,dayride_type1_001.mp4,1083,train,1,0,255,66.41207646122685,41.977939069877394,False,False,False
dayride_type1_001.mp4#t=1084.jpg,dayride_type1_001.mp4,1084,train,1,0,255,59.24018410011574,39.61558220368667,False,False,False
dayride_type1_001.mp4#t=1085.jpg,dayride_type1_001.mp4,1085,valid,1,0,255,72.55278645833333,47.02779525476231,False,False,False
dayride_type1_001.mp4#t=1086.jpg,dayride_type1_001.mp4,1086,train,2,0,255,78.43781901041666,40.19060150702844,False,False,False
dayride_type1_001.mp4#t=1087.jpg,dayride_type1_001.mp4,1087,train,1,0,255,61.43368489583333,46.781896146088336,False,False,False
dayride_type1_001.mp4#t=1088.jpg,dayride_type1_001.mp4,1088,train,2,0,255,71.4072583912037,60.89813263616171,False,False,False
dayride_type1_001.mp4#t=1089.jpg,dayride_type1_001.mp4,1089,train,1,0,255,60.9266771556713,56.91098524791495,False,False,False
dayride_type1_001.mp4#t=1090.jpg,dayride_type1_001.mp4,1090,train,1,0,255,35.655357349537034,48.81165637107283,False,False,False
dayride_type1_001.mp4#t=1091.jpg,dayride_type1_001.mp4,1091,train,4,0,255,101.6943478732639,66.6149482345856,False,False,False
dayride_type1_001.mp4#t=1092.jpg,dayride_type1_001.mp4,1092,train,3,0,255,126.7151052517361,72.21176616341003,False,False,False
dayride_type1_001.mp4#t=1093.jpg,dayride_type1_001.mp4,1093,train,3,0,255,127.92345124421297,72.58025547561846,False,False,False
dayride_type1_001.mp4#t=1094.jpg,dayride_type1_001.mp4,1094,valid,3,0,255,130.4371408420139,72.61897157339725,False,False,False
dayride_type1_001.mp4#t=1095.jpg,dayride_type1_001.mp4,1095,train,3,0,255,130.07263780381945,72.16396305705204,False,False,False
dayride_type1_001.mp4#t=1114.jpg,dayride_type1_001.mp4,1114,train,1,0,255,113.67976164641203,60.418260609849504,False,False,False
dayride_type1_001.mp4#t=1115.jpg,dayride_type1_001.mp4,1115,train,1,0,255,103.3301830150463,56.66126570981813,False,False,False
dayride_type1_001.mp4#t=1116.jpg,dayride_type1_001.mp4,1116,train,1,0,255,93.58233181423611,55.407256846276994,False,False,False
dayride_type1_001.mp4#t=1117.jpg,dayride_type1_001.mp4,1117,train,1,0,255,75.91802445023148,56.99336449841786,False,False,False
dayride_type1_001.mp4#t=1118.jpg,dayride_type1_001.mp4,1118,train,1,0,255,50.93231589988426,51.977061424298505,False,False,False
dayride_type1_001.mp4#t=1119.jpg,dayride_type1_001.mp4,1119,train,1,0,255,39.016502097800924,49.11709971347578,False,False,False
dayride_type1_001.mp4#t=1121.jpg,dayride_type1_001.mp4,1121,train,2,0,255,46.128411820023146,44.671525046100776,False,False,False
dayride_type1_001.mp4#t=1122.jpg,dayride_type1_001.mp4,1122,train,1,0,255,59.094605396412035,39.583083504052105,False,False,False
dayride_type1_001.mp4#t=1124.jpg,dayride_type1_001.mp4,1124,train,2,0,255,36.30252097800926,45.79316443857757,False,False,False
dayride_type1_001.mp4#t=1125.jpg,dayride_type1_001.mp4,1125,train,1,0,255,32.71953559027778,44.435620736147904,False,False,False
dayride_type1_001.mp4#t=1126.jpg,dayride_type1_001.mp4,1126,train,1,0,255,49.08137586805555,45.19752176230694,False,False,False
dayride_type1_001.mp4#t=1127.jpg,dayride_type1_001.mp4,1127,train,1,0,255,47.14909866898148,42.888537021437585,False,False,False
dayride_type1_001.mp4#t=1129.jpg,dayride_type1_001.mp4,1129,train,2,0,255,74.03960431134259,53.9372890222122,False,False,False
dayride_type1_001.mp4#t=1130.jpg,dayride_type1_001.mp4,1130,valid,2,0,255,67.10901005497685,60.74831306823292,False,False,False
dayride_type1_001.mp4#t=1131.jpg,dayride_type1_001.mp4,1131,train,1,0,255,61.93943721064815,54.91840675829563,False,False,False
dayride_type1_001.mp4#t=1132.jpg,dayride_type1_001.mp4,1132,train,1,0,255,60.12908745659722,40.954909331657824,False,False,False
dayride_type1_001.mp4#t=1135.jpg,dayride_type1_001.mp4,1135,valid,1,0,255,75.34597728587963,53.17805331122161,False,False,False
dayride_type1_001.mp4#t=1139.jpg,dayride_type1_001.mp4,1139,train,1,0,255,49.38260669849537,46.36988513839501,False,False,False
dayride_type1_001.mp4#t=1141.jpg,dayride_type1_001.mp4,1141,valid,2,0,255,45.47151077835648,46.8111156800548,False,False,False
dayride_type1_001.mp4#t=1142.jpg,dayride_type1_001.mp4,1142,train,2,0,255,49.933150679976855,46.538125259948515,False,False,False
dayride_type1_001.mp4#t=1143.jpg,dayride_type1_001.mp4,1143,train,1,0,255,51.43962999131944,48.15799063710975,False,False,False
dayride_type1_001.mp4#t=1145.jpg,dayride_type1_001.mp4,1145,train,1,0,255,43.71072482638889,47.700771891333424,False,False,False
dayride_type1_001.mp4#t=1150.jpg,dayride_type1_001.mp4,1150,train,2,0,255,46.26039822048611,55.05419561135354,False,False,False
dayride_type1_001.mp4#t=1151.jpg,dayride_type1_001.mp4,1151,train,1,0,255,65.4998046875,61.90448151901265,False,False,False
dayride_type1_001.mp4#t=1157.jpg,dayride_type1_001.mp4,1157,train,2,0,255,109.4184986255787,60.11438736661522,False,False,False
dayride_type1_001.mp4#t=1159.jpg,dayride_type1_001.mp4,1159,train,2,0,255,71.54270073784723,50.43809153208815,False,False,False
dayride_type1_001.mp4#t=1170.jpg,dayride_type1_001.mp4,1170,train,1,0,255,56.10808412905092,47.09681536368979,False,False,False
dayride_type1_001.mp4#t=1171.jpg,dayride_type1_001.mp4,1171,train,1,0,255,53.55350007233796,46.997486952112865,False,False,False
dayride_type1_001.mp4#t=1172.jpg,dayride_type1_001.mp4,1172,train,1,0,255,56.50688548900463,43.67241779759804,False,False,False
dayride_type1_001.mp4#t=1174.jpg,dayride_type1_001.mp4,1174,valid,1,0,255,64.91628074363426,47.22278810203307,False,False,False
dayride_type1_001.mp4#t=1175.jpg,dayride_type1_001.mp4,1175,train,1,0,255,53.28422453703703,48.05577636054892,False,False,False
dayride_type1_001.mp4#t=1177.jpg,dayride_type1_001.mp4,1177,train,1,0,255,32.307060185185186,45.39410780283195,False,False,False
dayride_type1_001.mp4#t=1181.jpg,dayride_type1_001.mp4,1181,train,2,0,255,39.302483000578704,53.046712976196,False,False,False
dayride_type1_001.mp4#t=1182.jpg,dayride_type1_001.mp4,1182,valid,2,0,255,62.55777271412037,62.43289562522556,False,False,False
dayride_type1_001.mp4#t=1186.jpg,dayride_type1_001.mp4,1186,train,2,0,255,63.97432146990741,63.313442602848596,False,False,False
dayride_type1_001.mp4#t=1192.jpg,dayride_type1_001.mp4,1192,valid,3,0,255,90.92527379918981,61.79161320877009,False,False,False
dayride_type1_001.mp4#t=1193.jpg,dayride_type1_001.mp4,1193,valid,2,0,255,93.36222005208333,64.11674584237038,False,False,False
dayride_type1_001.mp4#t=1197.jpg,dayride_type1_001.mp4,1197,train,2,0,255,91.56079427083333,61.28987090267138,False,False,False
dayride_type1_001.mp4#t=1198.jpg,dayride_type1_001.mp4,1198,valid,2,0,255,109.83362413194445,62.12878384363254,False,False,False
dayride_type1_001.mp4#t=1199.jpg,dayride_type1_001.mp4,1199,train,1,0,255,112.75752857349536,63.31101495859212,False,False,False
dayride_type1_001.mp4#t=1202.jpg,dayride_type1_001.mp4,1202,train,2,0,255,110.64448133680555,63.16823197932102,False,False,False
dayride_type1_001.mp4#t=1203.jpg,dayride_type1_001.mp4,1203,train,2,0,255,109.59764829282408,62.04232194053277,False,False,False
dayride_type1_001.mp4#t=1205.jpg,dayride_type1_001.mp4,1205,train,3,0,255,86.48141637731482,52.57662483473424,False,False,False
dayride_type1_001.mp4#t=1206.jpg,dayride_type1_001.mp4,1206,valid,2,4,255,90.32280562789352,54.38157343473823,False,False,False
dayride_type1_001.mp4#t=1207.jpg,dayride_type1_001.mp4,1207,train,2,0,255,80.6998705150463,51.51702341897119,False,False,False
dayride_type1_001.mp4#t=1208.jpg,dayride_type1_001.mp4,1208,train,3,0,255,45.81692997685185,50.13710057866242,False,False,False
dayride_type1_001.mp4#t=1209.jpg,dayride_type1_001.mp4,1209,train,2,0,255,56.37705186631945,56.253381902610634,False,False,False
dayride_type1_001.mp4#t=1257.jpg,dayride_type1_001.mp4,1257,train,1,0,255,99.23881510416666,53.272165200151434,False,False,False
dayride_type1_001.mp4#t=1259.jpg,dayride_type1_001.mp4,1259,train,1,0,255,93.62606336805555,49.36259427876549,False,False,False
dayride_type1_001.mp4#t=1260.jpg,dayride_type1_001.mp4,1260,train,2,0,255,83.75606372974536,46.70015712120511,False,False,False
dayride_type1_001.mp4#t=1261.jpg,dayride_type1_001.mp4,1261,train,1,0,255,78.0624341724537,47.199929672497326,False,False,False
dayride_type1_001.mp4#t=1297.jpg,dayride_type1_001.mp4,1297,train,1,0,255,31.944386935763887,23.83795188221552,False,False,False
dayride_type1_001.mp4#t=1299.jpg,dayride_type1_001.mp4,1299,train,1,0,255,38.57875108506944,32.237696674779244,False,False,False
dayride_type1_001.mp4#t=1300.jpg,dayride_type1_001.mp4,1300,train,1,0,255,26.90896267361111,21.958067593935347,False,False,False
dayride_type1_001.mp4#t=1301.jpg,dayride_type1_001.mp4,1301,train,1,0,255,39.39145146122685,22.08626062355573,False,False,False
dayride_type1_001.mp4#t=1302.jpg,dayride_type1_001.mp4,1302,train,1,0,255,35.75158347800926,38.19984253236924,False,False,False
dayride_type1_001.mp4#t=1304.jpg,dayride_type1_001.mp4,1304,train,1,0,255,49.60574037905093,36.77795779410061,False,False,False
dayride_type1_001.mp4#t=1309.jpg,dayride_type1_001.mp4,1309,train,1,0,255,30.314212962962962,28.250808546889882,False,False,False
dayride_type1_001.mp4#t=1310.jpg,dayride_type1_001.mp4,1310,train,1,0,255,51.54601526331019,24.655603455531608,False,False,False
dayride_type1_001.mp4#t=1316.jpg,dayride_type1_001.mp4,1316,train,2,0,255,52.2808861400463,29.772592849441995,False,False,False
dayride_type1_001.mp4#t=1317.jpg,dayride_type1_001.mp4,1317,train,1,0,255,66.67038447627314,38.369518405298635,False,False,False
dayride_type1_001.mp4#t=1353.jpg,dayride_type1_001.mp4,1353,train,2,0,255,55.8347337962963,42.46955866682701,False,False,False
dayride_type1_001.mp4#t=1354.jpg,dayride_type1_001.mp4,1354,train,1,0,255,37.01460756655093,45.74619887760302,False,False,False
dayride_type1_001.mp4#t=1356.jpg,dayride_type1_001.mp4,1356,train,1,0,255,35.713746021412035,45.38072775927296,False,False,False
dayride_type1_001.mp4#t=1357.jpg,dayride_type1_001.mp4,1357,train,1,0,255,52.51540364583333,52.79589401014727,False,False,False
dayride_type1_001.mp4#t=1371.jpg,dayride_type1_001.mp4,1371,train,1,0,255,46.33484049479166,39.41314449188624,False,False,False
dayride_type1_001.mp4#t=1372.jpg,dayride_type1_001.mp4,1372,train,1,0,255,57.975492259837964,40.53332797214421,False,False,False
dayride_type1_001.mp4#t=1390.jpg,dayride_type1_001.mp4,1390,train,1,0,255,35.49093460648148,49.5162775842345,False,False,False
dayride_type1_001.mp4#t=1391.jpg,dayride_type1_001.mp4,1391,train,1,0,255,51.01511284722222,57.01656302681881,False,False,False
dayride_type1_001.mp4#t=1392.jpg,dayride_type1_001.mp4,1392,valid,1,0,255,85.90632667824075,65.9579040357844,False,False,False
dayride_type1_001.mp4#t=1393.jpg,dayride_type1_001.mp4,1393,train,1,0,255,123.96198712384259,65.1160917159705,False,False,False
dayride_type1_001.mp4#t=1394.jpg,dayride_type1_001.mp4,1394,train,1,0,255,106.38481300636575,60.076929928131314,False,False,False
dayride_type1_001.mp4#t=1395.jpg,dayride_type1_001.mp4,1395,train,1,0,255,64.23612196180555,50.205074520004445,False,False,False
dayride_type1_001.mp4#t=1396.jpg,dayride_type1_001.mp4,1396,valid,1,0,255,65.20186740451389,44.605049910160574,False,False,False
dayride_type1_001.mp4#t=1397.jpg,dayride_type1_001.mp4,1397,train,1,0,255,74.56804506655092,48.13264123068978,False,False,False
dayride_type1_001.mp4#t=1398.jpg,dayride_type1_001.mp4,1398,train,1,0,255,51.907808521412036,42.613524255142984,False,False,False
dayride_type1_001.mp4#t=1399.jpg,dayride_type1_001.mp4,1399,train,1,0,255,61.6725,58.49828847087742,False,False,False
dayride_type1_001.mp4#t=1400.jpg,dayride_type1_001.mp4,1400,train,1,0,255,76.78129701967593,63.739689874314244,False,False,False
dayride_type1_001.mp4#t=1412.jpg,dayride_type1_001.mp4,1412,valid,1,0,255,55.16441514756944,40.61953934981103,False,False,False
dayride_type1_001.mp4#t=1413.jpg,dayride_type1_001.mp4,1413,train,1,0,255,49.74729456018518,40.8835581838898,False,False,False
dayride_type1_001.mp4#t=1414.jpg,dayride_type1_001.mp4,1414,train,2,0,255,48.4462720630787,43.383996178877304,False,False,False
dayride_type1_001.mp4#t=1449.jpg,dayride_type1_001.mp4,1449,train,1,0,255,40.082939091435186,50.285504357704646,False,False,False
dayride_type1_001.mp4#t=1456.jpg,dayride_type1_001.mp4,1456,valid,1,0,255,38.208160083912034,51.5311284562877,False,False,False
dayride_type1_001.mp4#t=1458.jpg,dayride_type1_001.mp4,1458,valid,1,0,255,41.123544198495374,54.68494094340065,False,False,False
dayride_type1_001.mp4#t=1462.jpg,dayride_type1_001.mp4,1462,train,1,0,255,44.47482566550926,48.18473298809146,False,False,False
dayride_type1_001.mp4#t=1463.jpg,dayride_type1_001.mp4,1463,train,1,0,255,71.79269929108796,53.46996122441342,False,False,False
dayride_type1_001.mp4#t=1464.jpg,dayride_type1_001.mp4,1464,train,1,0,255,72.67429651331018,59.8935974141291,False,False,False
dayride_type1_001.mp4#t=1465.jpg,dayride_type1_001.mp4,1465,train,1,0,255,64.01802625868055,58.41311235580256,False,False,False
dayride_type1_001.mp4#t=1466.jpg,dayride_type1_001.mp4,1466,train,1,0,255,68.30665328414352,58.71730496496236,False,False,False
dayride_type1_001.mp4#t=1468.jpg,dayride_type1_001.mp4,1468,train,1,0,255,61.75166087962963,63.600018347148946,False,False,False
dayride_type1_001.mp4#t=1469.jpg,dayride_type1_001.mp4,1469,train,2,0,255,110.83388997395834,69.0248977708548,False,False,False
dayride_type1_001.mp4#t=1470.jpg,dayride_type1_001.mp4,1470,train,2,0,255,121.85580729166666,70.73725425645102,False,False,False
dayride_type1_001.mp4#t=1471.jpg,dayride_type1_001.mp4,1471,train,1,0,255,117.58233796296297,70.48587084642122,False,False,False
dayride_type1_001.mp4#t=1472.jpg,dayride_type1_001.mp4,1472,train,1,0,255,115.38698893229167,65.39078943282365,False,False,False
dayride_type1_001.mp4#t=1509.jpg,dayride_type1_001.mp4,1509,train,1,0,255,46.123760850694445,46.63998388593533,False,False,False
dayride_type1_001.mp4#t=1510.jpg,dayride_type1_001.mp4,1510,train,1,0,255,41.697688802083334,45.42767829376532,False,False,False
dayride_type1_001.mp4#t=1511.jpg,dayride_type1_001.mp4,1511,train,1,0,255,47.92003291377315,52.7452315088039,False,False,False
dayride_type1_001.mp4#t=1549.jpg,dayride_type1_001.mp4,1549,valid,1,0,255,55.07383463541667,44.75856193288187,False,False,False
dayride_type1_001.mp4#t=1550.jpg,dayride_type1_001.mp4,1550,train,1,0,255,60.191910083912035,42.47760265146377,False,False,False
dayride_type1_001.mp4#t=1551.jpg,dayride_type1_001.mp4,1551,train,1,0,255,39.40039532696759,51.63269013381202,False,False,False
dayride_type1_001.mp4#t=1552.jpg,dayride_type1_001.mp4,1552,train,1,0,255,48.34271484375,56.70417863491961,False,False,False
dayride_type1_001.mp4#t=1553.jpg,dayride_type1_001.mp4,1553,train,1,0,255,53.485963903356485,55.961089375143565,False,False,False
dayride_type1_001.mp4#t=1554.jpg,dayride_type1_001.mp4,1554,train,1,0,255,32.3594994212963,47.73118230028443,False,False,False
dayride_type1_001.mp4#t=1596.jpg,dayride_type1_001.mp4,1596,train,1,0,255,45.46302806712963,51.03353873326674,False,False,False
dayride_type1_001.mp4#t=1605.jpg,dayride_type1_001.mp4,1605,train,1,0,255,56.64770435474537,51.23451375643937,False,False,False
dayride_type1_001.mp4#t=1613.jpg,dayride_type1_001.mp4,1613,train,1,0,255,59.740790653935186,41.95104338890381,False,False,False
dayride_type1_002.mp4#t=6.jpg,dayride_type1_002.mp4,6,train,1,4,255,112.03200267650463,50.77464794466335,False,False,False
dayride_type1_002.mp4#t=61.jpg,dayride_type1_002.mp4,61,train,2,16,255,123.1527806712963,57.31898725547723,False,False,False
dayride_type1_002.mp4#t=69.jpg,dayride_type1_002.mp4,69,train,1,0,255,122.44801974826389,60.09754756560912,False,False,False
dayride_type1_002.mp4#t=71.jpg,dayride_type1_002.mp4,71,train,1,1,255,122.33807364004629,61.26694339576581,False,False,False
dayride_type1_002.mp4#t=72.jpg,dayride_type1_002.mp4,72,train,1,0,255,119.11145797164352,60.97064378282742,False,False,False
dayride_type1_002.mp4#t=75.jpg,dayride_type1_002.mp4,75,valid,1,9,255,125.68408709490741,63.50396390066199,False,False,False
dayride_type1_002.mp4#t=225.jpg,dayride_type1_002.mp4,225,train,1,20,255,114.49553059895834,60.56100458719375,False,False,False
dayride_type1_002.mp4#t=226.jpg,dayride_type1_002.mp4,226,train,1,15,255,112.99949761284722,59.137664462147455,False,False,False
dayride_type1_002.mp4#t=235.jpg,dayride_type1_002.mp4,235,valid,1,13,255,115.7049974681713,57.0293826817271,False,False,False
dayride_type1_002.mp4#t=244.jpg,dayride_type1_002.mp4,244,valid,1,11,255,111.7648806423611,58.92770352647273,False,False,False
dayride_type1_002.mp4#t=282.jpg,dayride_type1_002.mp4,282,train,1,2,255,107.63641890914352,63.685343087475175,False,False,False
dayride_type1_002.mp4#t=323.jpg,dayride_type1_002.mp4,323,valid,1,35,255,118.30103985821759,52.07782412880221,False,False,False
dayride_type1_002.mp4#t=324.jpg,dayride_type1_002.mp4,324,valid,1,30,255,118.07306459780092,52.723266320678064,False,False,False
dayride_type1_002.mp4#t=325.jpg,dayride_type1_002.mp4,325,train,1,36,255,117.41212275752315,54.246397740137795,False,False,False
dayride_type1_002.mp4#t=328.jpg,dayride_type1_002.mp4,328,train,1,14,255,100.94202582465277,58.01620215313434,False,False,False
dayride_type1_002.mp4#t=334.jpg,dayride_type1_002.mp4,334,train,1,0,255,132.01674225983797,60.257404929352866,False,False,False
dayride_type1_002.mp4#t=352.jpg,dayride_type1_002.mp4,352,valid,2,0,255,114.7948484519676,69.10508289604874,False,False,False
dayride_type1_002.mp4#t=389.jpg,dayride_type1_002.mp4,389,train,2,0,255,124.85963722511575,65.47317634454478,False,False,False
dayride_type1_002.mp4#t=392.jpg,dayride_type1_002.mp4,392,train,2,0,255,119.634453125,63.183331635842556,False,False,False
dayride_type1_002.mp4#t=405.jpg,dayride_type1_002.mp4,405,train,1,30,255,124.11598198784722,61.33451864054801,False,False,False
dayride_type1_002.mp4#t=528.jpg,dayride_type1_002.mp4,528,valid,2,0,255,117.92788881655093,61.60963640085366,False,False,False
dayride_type1_002.mp4#t=531.jpg,dayride_type1_002.mp4,531,train,2,0,255,121.52573097511574,58.7207176011204,False,False,False
dayride_type1_002.mp4#t=537.jpg,dayride_type1_002.mp4,537,train,1,9,255,130.59821180555556,54.49234929854237,False,False,False
dayride_type1_002.mp4#t=642.jpg,dayride_type1_002.mp4,642,train,1,40,255,120.69116102430556,51.566927535755255,False,False,False
dayride_type1_002.mp4#t=643.jpg,dayride_type1_002.mp4,643,valid,1,27,255,120.6391453269676,59.831611528647805,False,False,False
dayride_type1_002.mp4#t=644.jpg,dayride_type1_002.mp4,644,train,1,34,255,123.29146195023148,59.538624081696085,False,False,False
dayride_type1_002.mp4#t=647.jpg,dayride_type1_002.mp4,647,train,1,18,255,118.38229130497685,59.33475089490423,False,False,False
dayride_type1_002.mp4#t=650.jpg,dayride_type1_002.mp4,650,train,1,21,255,126.45712745949074,48.305250238185735,False,False,False
dayride_type1_002.mp4#t=654.jpg,dayride_type1_002.mp4,654,train,2,43,255,126.23020471643518,47.426837103117684,False,False,False
dayride_type1_002.mp4#t=657.jpg,dayride_type1_002.mp4,657,valid,1,0,255,116.28537290219907,39.90622442312589,False,False,False
dayride_type1_002.mp4#t=658.jpg,dayride_type1_002.mp4,658,train,1,23,255,114.38580078125,39.91096403575055,False,False,False
dayride_type1_002.mp4#t=792.jpg,dayride_type1_002.mp4,792,valid,1,14,255,111.70381221064815,58.6196962794133,False,False,False
dayride_type1_002.mp4#t=793.jpg,dayride_type1_002.mp4,793,train,1,27,255,125.75546730324074,53.88218560209913,False,False,False
dayride_type1_002.mp4#t=816.jpg,dayride_type1_002.mp4,816,train,1,55,255,138.80809172453704,55.20180807144065,False,False,False
dayride_type1_002.mp4#t=817.jpg,dayride_type1_002.mp4,817,valid,1,38,255,134.40661675347224,63.39817490561735,False,False,False
dayride_type1_002.mp4#t=822.jpg,dayride_type1_002.mp4,822,train,1,18,255,121.85542317708334,66.96023599247864,False,False,False
dayride_type1_002.mp4#t=827.jpg,dayride_type1_002.mp4,827,train,1,18,255,119.23810076678241,67.05051984692608,False,False,False
dayride_type1_002.mp4#t=830.jpg,dayride_type1_002.mp4,830,train,1,5,255,117.98149124710648,70.24669311408786,False,False,False
dayride_type1_003.mp4#t=33.jpg,dayride_type1_003.mp4,33,valid,1,16,255,107.65960069444445,59.358232695712715,False,False,False
dayride_type1_003.mp4#t=42.jpg,dayride_type1_003.mp4,42,train,1,30,255,114.54013382523148,47.890149466215306,False,False,False
dayride_type1_003.mp4#t=44.jpg,dayride_type1_003.mp4,44,valid,1,32,255,114.26456127025463,48.05221038683397,False,False,False
dayride_type1_003.mp4#t=45.jpg,dayride_type1_003.mp4,45,train,3,28,255,109.98499131944445,49.25890735099873,False,False,False
dayride_type1_003.mp4#t=46.jpg,dayride_type1_003.mp4,46,valid,2,20,255,108.02734411168981,51.45224204753335,False,False,False
dayride_type1_003.mp4#t=50.jpg,dayride_type1_003.mp4,50,train,2,4,255,110.07074399594907,50.373220038118276,False,False,False
dayride_type1_003.mp4#t=52.jpg,dayride_type1_003.mp4,52,train,2,0,255,110.23775245949074,50.40677429735315,False,False,False
dayride_type1_003.mp4#t=80.jpg,dayride_type1_003.mp4,80,train,1,39,255,116.14665111400463,51.41245374340516,False,False,False
dayride_type1_003.mp4#t=82.jpg,dayride_type1_003.mp4,82,train,1,23,255,122.92172815393519,57.516474653711434,False,False,False
dayride_type1_003.mp4#t=89.jpg,dayride_type1_003.mp4,89,valid,1,32,255,111.079033203125,52.87269245199977,False,False,False
dayride_type1_003.mp4#t=92.jpg,dayride_type1_003.mp4,92,train,1,0,255,99.79125614872684,64.00119269952951,False,False,False
dayride_type1_003.mp4#t=95.jpg,dayride_type1_003.mp4,95,valid,1,12,255,115.93214192708334,58.67391989789601,False,False,False
dayride_type1_003.mp4#t=97.jpg,dayride_type1_003.mp4,97,valid,1,3,255,116.62299370659723,61.893883276497235,False,False,False
dayride_type1_003.mp4#t=98.jpg,dayride_type1_003.mp4,98,train,2,5,255,115.84053638599536,63.030698269119064,False,False,False
dayride_type1_003.mp4#t=99.jpg,dayride_type1_003.mp4,99,train,1,5,255,115.96850477430556,63.40373033122092,False,False,False
dayride_type1_003.mp4#t=100.jpg,dayride_type1_003.mp4,100,valid,1,16,255,116.53732277199074,63.19034193985635,False,False,False
dayride_type1_003.mp4#t=121.jpg,dayride_type1_003.mp4,121,train,1,5,255,117.95626808449074,64.82554554359996,False,False,False
dayride_type1_003.mp4#t=125.jpg,dayride_type1_003.mp4,125,train,1,0,255,120.37474139178241,68.25265853811594,False,False,False
dayride_type1_003.mp4#t=140.jpg,dayride_type1_003.mp4,140,train,1,46,255,126.13709635416667,50.1185432367634,False,False,False
dayride_type1_003.mp4#t=184.jpg,dayride_type1_003.mp4,184,train,1,26,255,115.87892216435185,64.3556159082102,False,False,False
dayride_type1_003.mp4#t=296.jpg,dayride_type1_003.mp4,296,valid,1,0,255,109.46391059027778,70.93859430496369,False,False,False
dayride_type1_003.mp4#t=312.jpg,dayride_type1_003.mp4,312,train,2,10,255,101.40795247395833,63.87991629669213,False,False,False
dayride_type1_003.mp4#t=314.jpg,dayride_type1_003.mp4,314,train,1,3,255,110.86318938078703,64.01595075648918,False,False,False
dayride_type1_003.mp4#t=315.jpg,dayride_type1_003.mp4,315,train,1,0,255,106.04269929108796,63.73975208156419,False,False,False
dayride_type1_003.mp4#t=316.jpg,dayride_type1_003.mp4,316,train,2,8,255,104.08065393518518,64.09000168157738,False,False,False
dayride_type1_003.mp4#t=320.jpg,dayride_type1_003.mp4,320,valid,1,1,255,103.04081416377315,64.99971558711626,False,False,False
dayride_type1_003.mp4#t=324.jpg,dayride_type1_003.mp4,324,train,2,4,255,101.58465241608796,65.52643411231375,False,False,False
dayride_type1_003.mp4#t=326.jpg,dayride_type1_003.mp4,326,train,2,0,255,104.44317274305556,64.29606180724423,False,False,False
nightride_type3_001.mp4#t=1.jpg,nightride_type3_001.mp4,1,train,1,0,255,41.61196469907407,53.82414328795937,False,False,False
nightride_type3_001.mp4#t=2.jpg,nightride_type3_001.mp4,2,valid,1,0,255,42.22921115451389,53.94600205854215,False,False,False
nightride_type3_001.mp4#t=5.jpg,nightride_type3_001.mp4,5,train,2,0,255,38.56605396412037,51.82565288989712,False,False,False
nightride_type3_001.mp4#t=6.jpg,nightride_type3_001.mp4,6,train,2,0,255,20.957456958912037,39.34992600269764,False,False,False
nightride_type3_001.mp4#t=7.jpg,nightride_type3_001.mp4,7,train,2,0,255,69.0847316261574,55.315882351926106,False,False,False
nightride_type3_001.mp4#t=10.jpg,nightride_type3_001.mp4,10,train,1,0,255,65.46370623553241,55.142531304951184,False,False,False
nightride_type3_001.mp4#t=11.jpg,nightride_type3_001.mp4,11,train,1,0,255,52.19830837673611,50.80048313800272,False,False,False
nightride_type3_001.mp4#t=13.jpg,nightride_type3_001.mp4,13,train,1,0,255,52.354936342592595,48.349551259533555,False,False,False
nightride_type3_001.mp4#t=16.jpg,nightride_type3_001.mp4,16,train,1,0,255,51.59779333043981,47.8575495781654,False,False,False
nightride_type3_001.mp4#t=17.jpg,nightride_type3_001.mp4,17,train,1,0,255,53.45996961805555,47.78762901456367,False,False,False
nightride_type3_001.mp4#t=18.jpg,nightride_type3_001.mp4,18,train,1,0,255,53.27550455729167,48.75770280226813,False,False,False
nightride_type3_001.mp4#t=21.jpg,nightride_type3_001.mp4,21,train,1,0,255,54.25547743055556,44.413854961402265,False,False,False
nightride_type3_001.mp4#t=23.jpg,nightride_type3_001.mp4,23,train,1,2,255,74.05111436631944,55.344921960512245,False,False,False
nightride_type3_001.mp4#t=36.jpg,nightride_type3_001.mp4,36,train,1,0,255,89.168505859375,73.64602601599348,False,False,False
nightride_type3_001.mp4#t=37.jpg,nightride_type3_001.mp4,37,train,1,0,255,77.10690755208333,79.21393712660812,False,False,False
nightride_type3_001.mp4#t=38.jpg,nightride_type3_001.mp4,38,train,1,0,255,86.6273853443287,85.52242468643647,False,False,False
nightride_type3_001.mp4#t=45.jpg,nightride_type3_001.mp4,45,valid,1,0,255,87.91976164641204,86.65988809938234,False,False,False
nightride_type3_001.mp4#t=51.jpg,nightride_type3_001.mp4,51,train,1,0,255,76.30096571180556,51.13360269517721,False,False,False
nightride_type3_001.mp4#t=52.jpg,nightride_type3_001.mp4,52,valid,1,0,255,65.83228841145834,46.470212509447215,False,False,False
nightride_type3_001.mp4#t=53.jpg,nightride_type3_001.mp4,53,train,1,0,255,70.67561017071759,50.38117084553529,False,False,False
nightride_type3_001.mp4#t=54.jpg,nightride_type3_001.mp4,54,train,1,0,255,66.99083550347223,47.65492303780225,False,False,False
nightride_type3_001.mp4#t=55.jpg,nightride_type3_001.mp4,55,valid,1,0,255,67.149345703125,50.26613417578912,False,False,False
nightride_type3_001.mp4#t=56.jpg,nightride_type3_001.mp4,56,train,1,0,255,59.039700520833335,43.33389867716832,False,False,False
nightride_type3_001.mp4#t=57.jpg,nightride_type3_001.mp4,57,train,1,0,255,54.081125578703706,38.65935133380023,False,False,False
nightride_type3_001.mp4#t=59.jpg,nightride_type3_001.mp4,59,train,1,0,255,61.880756293402776,37.634519260655935,False,False,False
nightride_type3_001.mp4#t=64.jpg,nightride_type3_001.mp4,64,valid,1,0,255,52.08903718171296,52.79293566956281,False,False,False
nightride_type3_001.mp4#t=71.jpg,nightride_type3_001.mp4,71,train,2,0,255,106.64265480324075,65.12006542326104,False,False,False
nightride_type3_001.mp4#t=72.jpg,nightride_type3_001.mp4,72,train,1,0,255,51.802962962962965,48.63446378007793,False,False,False
nightride_type3_001.mp4#t=74.jpg,nightride_type3_001.mp4,74,train,1,0,255,66.43217845775463,41.10239688890069,False,False,False
nightride_type3_001.mp4#t=108.jpg,nightride_type3_001.mp4,108,train,1,0,255,51.58817744502315,62.40480228781101,False,False,False
nightride_type3_001.mp4#t=109.jpg,nightride_type3_001.mp4,109,train,1,0,255,53.051490523726855,60.804948889432126,False,False,False
nightride_type3_001.mp4#t=110.jpg,nightride_type3_001.mp4,110,train,2,0,255,69.27534143518518,69.57182298989221,False,False,False
nightride_type3_001.mp4#t=112.jpg,nightride_type3_001.mp4,112,train,2,0,255,64.30934389467592,65.76313568608832,False,False,False
nightride_type3_001.mp4#t=113.jpg,nightride_type3_001.mp4,113,train,1,0,255,67.15382197627315,63.89067990539445,False,False,False
nightride_type3_001.mp4#t=116.jpg,nightride_type3_001.mp4,116,valid,1,0,255,53.14132957175926,57.968709786325824,False,False,False
nightride_type3_001.mp4#t=117.jpg,nightride_type3_001.mp4,117,train,1,0,255,61.280291883680555,51.1422153991809,False,False,False
nightride_type3_001.mp4#t=154.jpg,nightride_type3_001.mp4,154,valid,1,0,255,53.33750759548611,55.699196409126145,False,False,False
nightride_type3_001.mp4#t=155.jpg,nightride_type3_001.mp4,155,valid,1,0,255,55.803485243055555,58.866144100851,False,False,False
nightride_type3_001.mp4#t=156.jpg,nightride_type3_001.mp4,156,train,1,0,255,57.41414677372685,60.34917907923185,False,False,False
nightride_type3_001.mp4#t=161.jpg,nightride_type3_001.mp4,161,train,2,0,255,48.595514684606485,45.71181826778109,False,False,False
nightride_type3_001.mp4#t=162.jpg,nightride_type3_001.mp4,162,train,2,0,255,55.123630642361114,48.03875027027911,False,False,False
nightride_type3_001.mp4#t=163.jpg,nightride_type3_001.mp4,163,valid,1,0,255,46.32035300925926,51.105882314447086,False,False,False
nightride_type3_001.mp4#t=256.jpg,nightride_type3_001.mp4,256,train,1,0,255,56.06214373553241,54.49105351443236,False,False,False
nightride_type3_001.mp4#t=257.jpg,nightride_type3_001.mp4,257,train,1,0,255,39.96706127025463,51.06553135163375,False,False,False
nightride_type3_001.mp4#t=258.jpg,nightride_type3_001.mp4,258,train,1,0,255,55.55882378472222,57.38061841822106,False,False,False
nightride_type3_001.mp4#t=259.jpg,nightride_type3_001.mp4,259,train,1,0,255,63.28811631944444,62.24434558474775,False,False,False
nightride_type3_001.mp4#t=263.jpg,nightride_type3_001.mp4,263,train,1,0,255,69.94447229456019,63.51949665669128,False,False,False
nightride_type3_001.mp4#t=311.jpg,nightride_type3_001.mp4,311,train,1,0,255,42.70632703993056,46.00944270518262,False,False,False
nightride_type3_001.mp4#t=312.jpg,nightride_type3_001.mp4,312,train,1,0,255,67.72223451967592,48.972474854621666,False,False,False
nightride_type3_001.mp4#t=347.jpg,nightride_type3_001.mp4,347,train,2,0,255,60.72356336805556,55.02768404991542,False,False,False
nightride_type3_001.mp4#t=349.jpg,nightride_type3_001.mp4,349,train,2,0,255,54.714861472800926,52.08019507822018,False,False,False
nightride_type3_001.mp4#t=350.jpg,nightride_type3_001.mp4,350,train,2,0,255,72.5527463107639,61.97075063613932,False,False,False
nightride_type3_001.mp4#t=352.jpg,nightride_type3_001.mp4,352,valid,2,0,255,78.35480432581018,63.60210337087002,False,False,False
nightride_type3_001.mp4#t=353.jpg,nightride_type3_001.mp4,353,train,1,0,255,95.32722005208333,66.64791006398826,False,False,False
nightride_type3_001.mp4#t=358.jpg,nightride_type3_001.mp4,358,valid,1,0,255,93.91818070023149,66.06834856128097,False,False,False
nightride_type3_001.mp4#t=386.jpg,nightride_type3_001.mp4,386,valid,1,0,255,60.504491825810184,46.710859400452314,False,False,False
nightride_type3_001.mp4#t=403.jpg,nightride_type3_001.mp4,403,train,1,0,255,64.47667824074074,43.20460081872913,False,False,False
nightride_type3_001.mp4#t=404.jpg,nightride_type3_001.mp4,404,valid,1,0,255,76.43666521990741,49.63232694699316,False,False,False
nightride_type3_001.mp4#t=408.jpg,nightride_type3_001.mp4,408,train,1,0,255,73.37558666087963,59.71323136018502,False,False,False
nightride_type3_001.mp4#t=410.jpg,nightride_type3_001.mp4,410,train,1,0,255,52.94021195023148,56.915066876626064,False,False,False
nightride_type3_001.mp4#t=411.jpg,nightride_type3_001.mp4,411,train,1,0,255,47.069031394675925,57.690034819534034,False,False,False
nightride_type3_001.mp4#t=412.jpg,nightride_type3_001.mp4,412,train,1,0,255,43.40408528645833,55.830175584602465,False,False,False
nightride_type3_001.mp4#t=462.jpg,nightride_type3_001.mp4,462,train,1,0,255,76.70223524305555,70.82972806946877,False,False,False
nightride_type3_001.mp4#t=472.jpg,nightride_type3_001.mp4,472,valid,2,0,255,89.03289785879629,59.965045716701646,False,False,False
nightride_type3_001.mp4#t=475.jpg,nightride_type3_001.mp4,475,valid,2,4,255,67.71987268518518,40.42142115020299,False,False,False
nightride_type3_001.mp4#t=486.jpg,nightride_type3_001.mp4,486,train,1,24,255,101.65307291666667,48.96810240556457,False,False,False
nightride_type3_001.mp4#t=487.jpg,nightride_type3_001.mp4,487,train,1,23,255,101.82384837962962,46.95876583379573,False,False,False
nightride_type3_001.mp4#t=540.jpg,nightride_type3_001.mp4,540,train,1,0,255,51.975091507523146,54.33649950576319,False,False,False
nightride_type3_001.mp4#t=541.jpg,nightride_type3_001.mp4,541,train,1,0,255,42.63621925636574,52.523116429038765,False,False,False
nightride_type3_001.mp4#t=542.jpg,nightride_type3_001.mp4,542,train,1,0,255,59.15513635706019,58.51990623943821,False,False,False
nightride_type3_001.mp4#t=543.jpg,nightride_type3_001.mp4,543,valid,1,0,255,64.82362521701388,62.15156336906508,False,False,False
nightride_type3_001.mp4#t=557.jpg,nightride_type3_001.mp4,557,train,1,0,255,55.61340639467593,56.84473638976862,False,False,False
nightride_type3_001.mp4#t=558.jpg,nightride_type3_001.mp4,558,train,2,0,255,54.3422044994213,52.31608144518348,False,False,False
nightride_type3_001.mp4#t=582.jpg,nightride_type3_001.mp4,582,valid,1,0,255,45.59380714699074,52.46991586774509,False,False,False
nightride_type3_001.mp4#t=585.jpg,nightride_type3_001.mp4,585,train,1,0,255,56.766493778935185,60.55582260006588,False,False,False
nightride_type3_001.mp4#t=586.jpg,nightride_type3_001.mp4,586,valid,1,0,255,77.7986281105324,64.60613352183867,False,False,False
nightride_type3_001.mp4#t=588.jpg,nightride_type3_001.mp4,588,train,1,0,255,59.930570384837964,57.5199922198972,False,False,False
nightride_type3_001.mp4#t=715.jpg,nightride_type3_001.mp4,715,valid,2,0,255,49.60957248263889,60.460263016524316,False,False,False
nightride_type3_001.mp4#t=716.jpg,nightride_type3_001.mp4,716,train,1,0,255,67.70170500578703,65.25771597664745,False,False,False
nightride_type3_001.mp4#t=723.jpg,nightride_type3_001.mp4,723,train,1,0,255,90.0614916087963,72.90727425045861,False,False,False
nightride_type3_001.mp4#t=724.jpg,nightride_type3_001.mp4,724,train,1,0,255,78.907626953125,68.41749882547073,False,False,False
nightride_type3_001.mp4#t=728.jpg,nightride_type3_001.mp4,728,train,1,0,255,108.57222222222222,45.396376714002685,False,False,False
